"city1","city2","nsmiles","passengers_sum","fare_mean","port1_lat","port1_lon","port2_lat","port2_lon"
"Albany, NY","Chicago, IL",723,593,208.096509274874,42.74829865,-73.80169678,41.9786,-87.9048
"Albany, NY","Denver, CO",1610,321,222.93,42.74829865,-73.80169678,39.86169815,-104.6729965
"Albany, NY","Miami, FL",1225,962,188.603565488565,42.74829865,-73.80169678,25.79319954,-80.29060364
"Albany, NY","Orlando, FL",1073,1736,164.449256912442,42.74829865,-73.80169678,28.42939949,-81.30899811
"Albany, NY","Tampa, FL",1138,266,168.22,42.74829865,-73.80169678,27.97550011,-82.53320313
"Albany, NY","Washington, DC",325,542,179.975608856089,42.74829865,-73.80169678,38.8521,-77.037697
"Albuquerque, NM","Chicago, IL",1121,616,238.124951298701,35.040199,-106.609001,41.9786,-87.9048
"Albuquerque, NM","Dallas/Fort Worth, TX",580,1420,181.373802816901,35.040199,-106.609001,32.896801,-97.038002
"Albuquerque, NM","Denver, CO",349,656,150.965091463415,35.040199,-106.609001,39.86169815,-104.6729965
"Albuquerque, NM","Houston, TX",759,911,210.516608122942,35.040199,-106.609001,29.9843998,-95.34140015
"Albuquerque, NM","Las Vegas, NV",486,1242,172.144331723027,35.040199,-106.609001,36.08010101,-115.1520004
"Albuquerque, NM","Los Angeles, CA",677,2071,184.016788990826,35.040199,-106.609001,33.942501,-118.407997
"Albuquerque, NM","New York City, NY",1861,1058,265.657967863894,35.040199,-106.609001,40.639801,-73.7789
"Albuquerque, NM","Phoenix, AZ",328,1517,166.276763348715,35.040199,-106.609001,33.435302,-112.005905
"Albuquerque, NM","San Francisco, CA",896,1246,217.65658105939,35.040199,-106.609001,37.61899948,-122.375
"Albuquerque, NM","Seattle, WA",1180,960,195.913125,35.040199,-106.609001,47.449001,-122.308998
"Albuquerque, NM","Washington, DC",1670,744,281.213494623656,35.040199,-106.609001,38.8521,-77.037697
"Allentown/Bethlehem/Easton, PA","Sanford, FL",882,1088,90.4237224264706,40.651773,-75.442797,28.77759933,-81.23750305
"Asheville, NC","Miami, FL",677,864,122.309513888889,35.436199,-82.541801,25.79319954,-80.29060364
"Asheville, NC","New York City, NY",633,328,170.18,35.436199,-82.541801,40.639801,-73.7789
"Atlanta, GA","Austin, TX",813,3225,162.537733333333,33.6367,-84.428101,30.197535,-97.662015
"Atlanta, GA","Boston, MA",952,6819,202.252506232585,33.6367,-84.428101,42.3643,-71.005203
"Atlanta, GA","Buffalo, NY",712,936,202.657564102564,33.6367,-84.428101,42.94049835,-78.73220062
"Atlanta, GA","Charleston, SC",259,261,191.15,33.6367,-84.428101,32.898602,-80.040497
"Atlanta, GA","Charlotte, NC",226,560,213.160142857143,33.6367,-84.428101,35.2140007,-80.94309998
"Atlanta, GA","Chicago, IL",606,11361,135.911094974034,33.6367,-84.428101,41.9786,-87.9048
"Atlanta, GA","Cincinnati, OH",373,933,212.568488745981,33.6367,-84.428101,39.048801,-84.667801
"Atlanta, GA","Cleveland, OH",554,3029,140.427193793331,33.6367,-84.428101,41.4117012,-81.84980011
"Atlanta, GA","Columbus, OH",447,2074,156.878042430087,33.6367,-84.428101,39.998001,-82.891899
"Atlanta, GA","Dallas/Fort Worth, TX",731,9971,138.379244809949,33.6367,-84.428101,32.896801,-97.038002
"Atlanta, GA","Denver, CO",1199,6912,164.798531539352,33.6367,-84.428101,39.86169815,-104.6729965
"Atlanta, GA","Detroit, MI",594,5142,165.958232205368,33.6367,-84.428101,42.21239853,-83.35340118
"Atlanta, GA","Fort Myers, FL",515,1860,167.277510752688,33.6367,-84.428101,26.53619957,-81.75520325
"Atlanta, GA","Grand Rapids, MI",640,580,213.422155172414,33.6367,-84.428101,42.88079834,-85.52279663
"Atlanta, GA","Hartford, CT",859,1559,221.802976266838,33.6367,-84.428101,41.93851,-72.688066
"Atlanta, GA","Houston, TX",696,8019,141.456000748223,33.6367,-84.428101,29.9843998,-95.34140015
"Atlanta, GA","Indianapolis, IN",432,2112,165.100037878788,33.6367,-84.428101,39.7173,-86.294403
"Atlanta, GA","Jacksonville, FL",270,1727,161.745634047481,33.6367,-84.428101,30.49410057,-81.68789673
"Atlanta, GA","Kansas City, MO",692,2148,179.003496275605,33.6367,-84.428101,39.2976,-94.713898
"Atlanta, GA","Las Vegas, NV",1747,9095,203.948595931831,33.6367,-84.428101,36.08010101,-115.1520004
"Atlanta, GA","Los Angeles, CA",1947,12216,256.348395546824,33.6367,-84.428101,33.942501,-118.407997
"Atlanta, GA","Louisville, KY",321,851,164.933525264395,33.6367,-84.428101,38.22800064,-85.66369629
"Atlanta, GA","Memphis, TN",332,1324,156.17501510574,33.6367,-84.428101,35.04240036,-89.97669983
"Atlanta, GA","Miami, FL",594,15456,132.09064699793,33.6367,-84.428101,25.79319954,-80.29060364
"Atlanta, GA","Milwaukee, WI",669,1489,177.942800537273,33.6367,-84.428101,42.94720078,-87.89659882
"Atlanta, GA","Minneapolis/St. Paul, MN",907,3221,203.697463520646,33.6367,-84.428101,44.93450165,-93.05999756
"Atlanta, GA","Nashville, TN",214,1022,159.850381604697,33.6367,-84.428101,36.12450027,-86.67819977
"Atlanta, GA","New Orleans, LA",425,2966,143.252801753203,33.6367,-84.428101,29.99340057,-90.25800323
"Atlanta, GA","New York City, NY",795,21496,173.19235532192,33.6367,-84.428101,40.639801,-73.7789
"Atlanta, GA","Norfolk, VA",516,1296,197.867793209877,33.6367,-84.428101,36.8946,-76.201202
"Atlanta, GA","Oklahoma City, OK",761,861,201.411777003484,33.6367,-84.428101,35.393101,-97.6007
"Atlanta, GA","Orlando, FL",404,6539,136.779371463527,33.6367,-84.428101,28.42939949,-81.30899811
"Atlanta, GA","Philadelphia, PA",666,6207,146.204322539069,33.6367,-84.428101,39.87189865,-75.2410965
"Atlanta, GA","Phoenix, AZ",1587,4063,228.491006645336,33.6367,-84.428101,33.435302,-112.005905
"Atlanta, GA","Pittsburgh, PA",526,1831,181.935417804478,33.6367,-84.428101,40.49150085,-80.23290253
"Atlanta, GA","Portland, OR",2172,1216,325.499605263158,33.6367,-84.428101,45.58869934,-122.5979996
"Atlanta, GA","Raleigh/Durham, NC",356,2619,153.576960672012,33.6367,-84.428101,35.87760162,-78.78749847
"Atlanta, GA","Richmond, VA",481,2190,151.105726027397,33.6367,-84.428101,37.50519943,-77.31970215
"Atlanta, GA","Sacramento, CA",2092,1196,318.929113712375,33.6367,-84.428101,38.69540024,-121.5910034
"Atlanta, GA","Salt Lake City, UT",1590,2503,287.663483819417,33.6367,-84.428101,40.785749,-111.979746
"Atlanta, GA","San Antonio, TX",874,1557,203.770012845215,33.6367,-84.428101,29.533701,-98.469803
"Atlanta, GA","San Diego, CA",1892,2304,286.632096354167,33.6367,-84.428101,32.73360062,-117.1900024
"Atlanta, GA","San Francisco, CA",2139,4700,304.839923404255,33.6367,-84.428101,37.61899948,-122.375
"Atlanta, GA","Sarasota/Bradenton, FL",444,990,149.638929292929,33.6367,-84.428101,27.395399,-82.554398
"Atlanta, GA","Seattle, WA",2182,3354,267.742611806798,33.6367,-84.428101,47.449001,-122.308998
"Atlanta, GA","St. Louis, MO",484,2547,149.83016882607,33.6367,-84.428101,38.748697,-90.370003
"Atlanta, GA","Tampa, FL",406,4837,137.414213355386,33.6367,-84.428101,27.97550011,-82.53320313
"Atlanta, GA","Washington, DC",577,12391,158.678010652893,33.6367,-84.428101,38.8521,-77.037697
"Atlanta, GA","West Palm Beach/Palm Beach, FL",545,2176,169.220721507353,33.6367,-84.428101,26.68320084,-80.09559631
"Austin, TX","Boston, MA",1698,2585,230.001284332689,30.197535,-97.662015,42.3643,-71.005203
"Austin, TX","Charlotte, NC",1032,1039,228.748922040423,30.197535,-97.662015,35.2140007,-80.94309998
"Austin, TX","Chicago, IL",977,4788,169.432813283208,30.197535,-97.662015,41.9786,-87.9048
"Austin, TX","Cincinnati, OH",958,291,157.2,30.197535,-97.662015,39.048801,-84.667801
"Austin, TX","Dallas/Fort Worth, TX",190,1367,160.04237746891,30.197535,-97.662015,32.896801,-97.038002
"Austin, TX","Denver, CO",775,4611,144.897128605509,30.197535,-97.662015,39.86169815,-104.6729965
"Austin, TX","Detroit, MI",1149,1411,198.008440822112,30.197535,-97.662015,42.21239853,-83.35340118
"Austin, TX","El Paso, TX",528,651,162.347035330261,30.197535,-97.662015,31.80719948,-106.3779984
"Austin, TX","Indianapolis, IN",919,607,179.929802306425,30.197535,-97.662015,39.7173,-86.294403
"Austin, TX","Kansas City, MO",650,341,166.12,30.197535,-97.662015,39.2976,-94.713898
"Austin, TX","Las Vegas, NV",1090,3861,162.090606060606,30.197535,-97.662015,36.08010101,-115.1520004
"Austin, TX","Los Angeles, CA",1242,8207,153.466919702693,30.197535,-97.662015,33.942501,-118.407997
"Austin, TX","Miami, FL",1105,3425,149.828087591241,30.197535,-97.662015,25.79319954,-80.29060364
"Austin, TX","Minneapolis/St. Paul, MN",1042,1397,187.780930565497,30.197535,-97.662015,44.93450165,-93.05999756
"Austin, TX","Nashville, TN",756,1564,171.369405370844,30.197535,-97.662015,36.12450027,-86.67819977
"Austin, TX","New Orleans, LA",444,1043,151.769674017258,30.197535,-97.662015,29.99340057,-90.25800323
"Austin, TX","New York City, NY",1559,6738,220.945672306322,30.197535,-97.662015,40.639801,-73.7789
"Austin, TX","Orlando, FL",994,3139,144.06428161835,30.197535,-97.662015,28.42939949,-81.30899811
"Austin, TX","Philadelphia, PA",1430,1167,262.592579263068,30.197535,-97.662015,39.87189865,-75.2410965
"Austin, TX","Phoenix, AZ",872,2701,194.503524620511,30.197535,-97.662015,33.435302,-112.005905
"Austin, TX","Portland, OR",1715,1357,193.610198968312,30.197535,-97.662015,45.58869934,-122.5979996
"Austin, TX","Raleigh/Durham, NC",1162,1242,166.961038647343,30.197535,-97.662015,35.87760162,-78.78749847
"Austin, TX","Sacramento, CA",1481,558,241.271612903226,30.197535,-97.662015,38.69540024,-121.5910034
"Austin, TX","Salt Lake City, UT",1086,1470,209.167741496599,30.197535,-97.662015,40.785749,-111.979746
"Austin, TX","San Diego, CA",1164,1986,203.695876132931,30.197535,-97.662015,32.73360062,-117.1900024
"Austin, TX","San Francisco, CA",1504,5175,208.16558647343,30.197535,-97.662015,37.61899948,-122.375
"Austin, TX","Seattle, WA",1770,2888,191.567593490305,30.197535,-97.662015,47.449001,-122.308998
"Austin, TX","St. Louis, MO",721,674,168.752611275964,30.197535,-97.662015,38.748697,-90.370003
"Austin, TX","Tampa, FL",928,1187,174.024726200505,30.197535,-97.662015,27.97550011,-82.53320313
"Austin, TX","Washington, DC",1342,3658,221.791842536905,30.197535,-97.662015,38.8521,-77.037697
"Bend/Redmond, OR","Los Angeles, CA",751,549,201.67956284153,44.2541008,-121.1500015,33.942501,-118.407997
"Birmingham, AL","Chicago, IL",583,555,184.708810810811,33.562901,-86.753502,41.9786,-87.9048
"Birmingham, AL","Dallas/Fort Worth, TX",597,1197,186.397961570593,33.562901,-86.753502,32.896801,-97.038002
"Birmingham, AL","Denver, CO",1083,269,221.75,33.562901,-86.753502,39.86169815,-104.6729965
"Birmingham, AL","Houston, TX",570,282,193.14,33.562901,-86.753502,29.9843998,-95.34140015
"Birmingham, AL","New York City, NY",902,377,253.78,33.562901,-86.753502,40.639801,-73.7789
"Birmingham, AL","Orlando, FL",479,963,164.303842159917,33.562901,-86.753502,28.42939949,-81.30899811
"Birmingham, AL","Washington, DC",682,360,210.62,33.562901,-86.753502,38.8521,-77.037697
"Boise, ID","Denver, CO",649,1068,162.828370786517,43.5644,-116.223,39.86169815,-104.6729965
"Boise, ID","Las Vegas, NV",519,1133,145.674324801412,43.5644,-116.223,36.08010101,-115.1520004
"Boise, ID","Los Angeles, CA",688,3214,143.101589919104,43.5644,-116.223,33.942501,-118.407997
"Boise, ID","Phoenix, AZ",749,1778,143.986709786277,43.5644,-116.223,33.435302,-112.005905
"Boise, ID","Portland, OR",344,953,172.290954879328,43.5644,-116.223,45.58869934,-122.5979996
"Boise, ID","Sacramento, CA",437,865,140.258161849711,43.5644,-116.223,38.69540024,-121.5910034
"Boise, ID","San Diego, CA",749,1071,154.798562091503,43.5644,-116.223,32.73360062,-117.1900024
"Boise, ID","San Francisco, CA",523,2012,139.517246520875,43.5644,-116.223,37.61899948,-122.375
"Boise, ID","Seattle, WA",399,2607,117.120199462984,43.5644,-116.223,47.449001,-122.308998
"Boston, MA","Charleston, SC",836,1815,201.604782369146,42.3643,-71.005203,32.898602,-80.040497
"Boston, MA","Charlotte, NC",737,4398,185.575011368804,42.3643,-71.005203,35.2140007,-80.94309998
"Boston, MA","Chicago, IL",867,9010,181.907834628191,42.3643,-71.005203,41.9786,-87.9048
"Boston, MA","Cincinnati, OH",752,1153,236.667285342585,42.3643,-71.005203,39.048801,-84.667801
"Boston, MA","Cleveland, OH",563,1582,171.068742098609,42.3643,-71.005203,41.4117012,-81.84980011
"Boston, MA","Columbus, OH",640,919,208.494243743199,42.3643,-71.005203,39.998001,-82.891899
"Boston, MA","Dallas/Fort Worth, TX",1562,4864,237.812808388158,42.3643,-71.005203,32.896801,-97.038002
"Boston, MA","Denver, CO",1754,5532,259.722371655821,42.3643,-71.005203,39.86169815,-104.6729965
"Boston, MA","Detroit, MI",632,2830,187.370169611307,42.3643,-71.005203,42.21239853,-83.35340118
"Boston, MA","Fort Myers, FL",1271,5260,204.559627376426,42.3643,-71.005203,26.53619957,-81.75520325
"Boston, MA","Houston, TX",1609,3271,256.276398654846,42.3643,-71.005203,29.9843998,-95.34140015
"Boston, MA","Indianapolis, IN",818,1339,203.631008215086,42.3643,-71.005203,39.7173,-86.294403
"Boston, MA","Jacksonville, FL",1028,2215,180.243828442438,42.3643,-71.005203,30.49410057,-81.68789673
"Boston, MA","Kansas City, MO",1256,812,238.342463054187,42.3643,-71.005203,39.2976,-94.713898
"Boston, MA","Las Vegas, NV",2381,3733,269.179799089204,42.3643,-71.005203,36.08010101,-115.1520004
"Boston, MA","Los Angeles, CA",2611,9848,315.426770917953,42.3643,-71.005203,33.942501,-118.407997
"Boston, MA","Miami, FL",1283,13905,155.049669902913,42.3643,-71.005203,25.79319954,-80.29060364
"Boston, MA","Milwaukee, WI",860,265,221.33,42.3643,-71.005203,42.94720078,-87.89659882
"Boston, MA","Minneapolis/St. Paul, MN",1124,3237,201.904893419833,42.3643,-71.005203,44.93450165,-93.05999756
"Boston, MA","Myrtle Beach, SC",756,730,137.144712328767,42.3643,-71.005203,33.81169891,-78.72389984
"Boston, MA","Nashville, TN",942,2987,203.581817877469,42.3643,-71.005203,36.12450027,-86.67819977
"Boston, MA","New Orleans, LA",1371,1285,224.364482490272,42.3643,-71.005203,29.99340057,-90.25800323
"Boston, MA","New York City, NY",206,4651,149.76382713395,42.3643,-71.005203,40.639801,-73.7789
"Boston, MA","Norfolk, VA",487,684,178.988128654971,42.3643,-71.005203,36.8946,-76.201202
"Boston, MA","Orlando, FL",1142,13619,167.274613407739,42.3643,-71.005203,28.42939949,-81.30899811
"Boston, MA","Philadelphia, PA",289,3002,170.273287808128,42.3643,-71.005203,39.87189865,-75.2410965
"Boston, MA","Phoenix, AZ",2300,3682,279.346944595329,42.3643,-71.005203,33.435302,-112.005905
"Boston, MA","Pittsburgh, PA",496,1635,190.834140672783,42.3643,-71.005203,40.49150085,-80.23290253
"Boston, MA","Portland, OR",2537,1557,291.547912652537,42.3643,-71.005203,45.58869934,-122.5979996
"Boston, MA","Raleigh/Durham, NC",625,3353,198.067957053385,42.3643,-71.005203,35.87760162,-78.78749847
"Boston, MA","Richmond, VA",487,1376,179.393488372093,42.3643,-71.005203,37.50519943,-77.31970215
"Boston, MA","Sacramento, CA",2636,335,308.49,42.3643,-71.005203,38.69540024,-121.5910034
"Boston, MA","Salt Lake City, UT",2105,2307,270.811404421326,42.3643,-71.005203,40.785749,-111.979746
"Boston, MA","San Antonio, TX",1764,636,234.635896226415,42.3643,-71.005203,29.533701,-98.469803
"Boston, MA","San Diego, CA",2588,3520,307.488934659091,42.3643,-71.005203,32.73360062,-117.1900024
"Boston, MA","San Francisco, CA",2704,7381,360.064139005555,42.3643,-71.005203,37.61899948,-122.375
"Boston, MA","Sarasota/Bradenton, FL",1240,1133,191.593415710503,42.3643,-71.005203,27.395399,-82.554398
"Boston, MA","Savannah, GA",917,1159,206.828999137187,42.3643,-71.005203,32.12760162,-81.20210266
"Boston, MA","Seattle, WA",2496,3548,278.004712514092,42.3643,-71.005203,47.449001,-122.308998
"Boston, MA","St. Louis, MO",1047,1328,244.845097891566,42.3643,-71.005203,38.748697,-90.370003
"Boston, MA","Tampa, FL",1204,6936,180.61658160323,42.3643,-71.005203,27.97550011,-82.53320313
"Boston, MA","Washington, DC",418,11446,161.527993185392,42.3643,-71.005203,38.8521,-77.037697
"Boston, MA","West Palm Beach/Palm Beach, FL",1222,3631,201.510592123382,42.3643,-71.005203,26.68320084,-80.09559631
"Bozeman, MT","Denver, CO",524,631,134.202123613312,45.77750015,-111.1529999,39.86169815,-104.6729965
"Bozeman, MT","Los Angeles, CA",908,629,176.258489666137,45.77750015,-111.1529999,33.942501,-118.407997
"Bozeman, MT","New York City, NY",1931,350,270.41,45.77750015,-111.1529999,40.639801,-73.7789
"Bozeman, MT","Seattle, WA",543,302,130.14,45.77750015,-111.1529999,47.449001,-122.308998
"Buffalo, NY","Chicago, IL",473,623,163.378812199037,42.94049835,-78.73220062,41.9786,-87.9048
"Buffalo, NY","Denver, CO",1359,318,200.58,42.94049835,-78.73220062,39.86169815,-104.6729965
"Buffalo, NY","Las Vegas, NV",1986,254,283.8,42.94049835,-78.73220062,36.08010101,-115.1520004
"Buffalo, NY","Los Angeles, CA",2218,984,273.347286585366,42.94049835,-78.73220062,33.942501,-118.407997
"Buffalo, NY","Miami, FL",1185,1302,183.330568356375,42.94049835,-78.73220062,25.79319954,-80.29060364
"Buffalo, NY","New York City, NY",326,2293,170.605935455735,42.94049835,-78.73220062,40.639801,-73.7789
"Buffalo, NY","Orlando, FL",1011,2557,153.527759092687,42.94049835,-78.73220062,28.42939949,-81.30899811
"Buffalo, NY","Tampa, FL",1053,998,181.61495991984,42.94049835,-78.73220062,27.97550011,-82.53320313
"Buffalo, NY","Washington, DC",296,693,154.169163059163,42.94049835,-78.73220062,38.8521,-77.037697
"Cedar Rapids/Iowa City, IA","Phoenix, AZ",1252,558,145.920806451613,41.884701,-91.7108,33.435302,-112.005905
"Charleston, SC","Chicago, IL",760,1603,175.378640049906,32.898602,-80.040497,41.9786,-87.9048
"Charleston, SC","Dallas/Fort Worth, TX",987,1081,209.341896392229,32.898602,-80.040497,32.896801,-97.038002
"Charleston, SC","Denver, CO",1449,917,214.438026172301,32.898602,-80.040497,39.86169815,-104.6729965
"Charleston, SC","Houston, TX",928,260,199.31,32.898602,-80.040497,29.9843998,-95.34140015
"Charleston, SC","Los Angeles, CA",2206,1046,232.873728489484,32.898602,-80.040497,33.942501,-118.407997
"Charleston, SC","Miami, FL",489,884,162.475961538462,32.898602,-80.040497,25.79319954,-80.29060364
"Charleston, SC","Nashville, TN",439,258,146.94,32.898602,-80.040497,36.12450027,-86.67819977
"Charleston, SC","New York City, NY",674.25,4873,161.790406320542,32.898602,-80.040497,40.639801,-73.7789
"Charleston, SC","Philadelphia, PA",550,1083,184.147922437673,32.898602,-80.040497,39.87189865,-75.2410965
"Charleston, SC","Washington, DC",472,2749,158.610043652237,32.898602,-80.040497,38.8521,-77.037697
"Charlotte, NC","Chicago, IL",599,3652,166.135301204819,35.2140007,-80.94309998,41.9786,-87.9048
"Charlotte, NC","Cleveland, OH",430,947,193.956642027455,35.2140007,-80.94309998,41.4117012,-81.84980011
"Charlotte, NC","Dallas/Fort Worth, TX",936,3480,203.13175862069,35.2140007,-80.94309998,32.896801,-97.038002
"Charlotte, NC","Denver, CO",1337,3466,157.558015002885,35.2140007,-80.94309998,39.86169815,-104.6729965
"Charlotte, NC","Detroit, MI",500,1583,162.998130132659,35.2140007,-80.94309998,42.21239853,-83.35340118
"Charlotte, NC","Fort Myers, FL",600,576,189.505833333333,35.2140007,-80.94309998,26.53619957,-81.75520325
"Charlotte, NC","Hartford, CT",644,952,224.703319327731,35.2140007,-80.94309998,41.93851,-72.688066
"Charlotte, NC","Houston, TX",920,2137,198.703387927,35.2140007,-80.94309998,29.9843998,-95.34140015
"Charlotte, NC","Kansas City, MO",808,261,229.73,35.2140007,-80.94309998,39.2976,-94.713898
"Charlotte, NC","Las Vegas, NV",1916,3094,228.839053005818,35.2140007,-80.94309998,36.08010101,-115.1520004
"Charlotte, NC","Los Angeles, CA",2125,3739,273.76109654988,35.2140007,-80.94309998,33.942501,-118.407997
"Charlotte, NC","Miami, FL",650,4769,153.815370098553,35.2140007,-80.94309998,25.79319954,-80.29060364
"Charlotte, NC","Minneapolis/St. Paul, MN",930,1412,199.588498583569,35.2140007,-80.94309998,44.93450165,-93.05999756
"Charlotte, NC","Nashville, TN",328,1483,153.382049898854,35.2140007,-80.94309998,36.12450027,-86.67819977
"Charlotte, NC","New Orleans, LA",651,582,192.48381443299,35.2140007,-80.94309998,29.99340057,-90.25800323
"Charlotte, NC","New York City, NY",575,9280,177.829547413793,35.2140007,-80.94309998,40.639801,-73.7789
"Charlotte, NC","Orlando, FL",468,2377,163.460635254523,35.2140007,-80.94309998,28.42939949,-81.30899811
"Charlotte, NC","Philadelphia, PA",449,2415,154.29201242236,35.2140007,-80.94309998,39.87189865,-75.2410965
"Charlotte, NC","Phoenix, AZ",1773,2270,247.256273127753,35.2140007,-80.94309998,33.435302,-112.005905
"Charlotte, NC","Pittsburgh, PA",366,295,194.26,35.2140007,-80.94309998,40.49150085,-80.23290253
"Charlotte, NC","Salt Lake City, UT",1727,863,258.375388180765,35.2140007,-80.94309998,40.785749,-111.979746
"Charlotte, NC","San Antonio, TX",1095,257,248.39,35.2140007,-80.94309998,29.533701,-98.469803
"Charlotte, NC","San Diego, CA",2077,1064,307.365112781955,35.2140007,-80.94309998,32.73360062,-117.1900024
"Charlotte, NC","San Francisco, CA",2296,1750,298.761674285714,35.2140007,-80.94309998,37.61899948,-122.375
"Charlotte, NC","Seattle, WA",2279,1000,289.60325,35.2140007,-80.94309998,47.449001,-122.308998
"Charlotte, NC","St. Louis, MO",575,1026,156.300906432749,35.2140007,-80.94309998,38.748697,-90.370003
"Charlotte, NC","Tampa, FL",507,1836,165.929248366013,35.2140007,-80.94309998,27.97550011,-82.53320313
"Charlotte, NC","Washington, DC",361,3887,150.448157962439,35.2140007,-80.94309998,38.8521,-77.037697
"Chicago, IL","Cincinnati, OH",264,844,149.726718009479,41.9786,-87.9048,39.048801,-84.667801
"Chicago, IL","Cleveland, OH",343,2085,159.510450839329,41.9786,-87.9048,41.4117012,-81.84980011
"Chicago, IL","Colorado Springs, CO",917,274,162.36,41.9786,-87.9048,38.96969986,-104.8130035
"Chicago, IL","Columbus, OH",296,1665,162.755447447447,41.9786,-87.9048,39.998001,-82.891899
"Chicago, IL","Dallas/Fort Worth, TX",801,11432,145.855901854444,41.9786,-87.9048,32.896801,-97.038002
"Chicago, IL","Denver, CO",895,10475,143.794479236277,41.9786,-87.9048,39.86169815,-104.6729965
"Chicago, IL","Detroit, MI",235,1822,159.323463227223,41.9786,-87.9048,42.21239853,-83.35340118
"Chicago, IL","El Paso, TX",1237,318,189.41,41.9786,-87.9048,31.80719948,-106.3779984
"Chicago, IL","Fort Myers, FL",1120,7690,169.842040312094,41.9786,-87.9048,26.53619957,-81.75520325
"Chicago, IL","Hartford, CT",783,1395,226.209548387097,41.9786,-87.9048,41.93851,-72.688066
"Chicago, IL","Houston, TX",945,8946,146.127366420747,41.9786,-87.9048,29.9843998,-95.34140015
"Chicago, IL","Jacksonville, FL",864,1830,200.115846994536,41.9786,-87.9048,30.49410057,-81.68789673
"Chicago, IL","Kansas City, MO",405,2889,161.729356178608,41.9786,-87.9048,39.2976,-94.713898
"Chicago, IL","Knoxville, TN",475,272,163.6,41.9786,-87.9048,35.811001,-83.994003
"Chicago, IL","Las Vegas, NV",1521,12315,178.568822574097,41.9786,-87.9048,36.08010101,-115.1520004
"Chicago, IL","Los Angeles, CA",1750,18144,207.54149691358,41.9786,-87.9048,33.942501,-118.407997
"Chicago, IL","Louisville, KY",286,588,141.411428571429,41.9786,-87.9048,38.22800064,-85.66369629
"Chicago, IL","Memphis, TN",491,1514,150.80784015852,41.9786,-87.9048,35.04240036,-89.97669983
"Chicago, IL","Miami, FL",1197,15356,142.349273899453,41.9786,-87.9048,25.79319954,-80.29060364
"Chicago, IL","Minneapolis/St. Paul, MN",349,5462,131.142764555108,41.9786,-87.9048,44.93450165,-93.05999756
"Chicago, IL","Myrtle Beach, SC",753,928,124.812068965517,41.9786,-87.9048,33.81169891,-78.72389984
"Chicago, IL","Nashville, TN",409,4361,141.105303829397,41.9786,-87.9048,36.12450027,-86.67819977
"Chicago, IL","New Orleans, LA",836,3380,142.140899408284,41.9786,-87.9048,29.99340057,-90.25800323
"Chicago, IL","New York City, NY",773,19937,186.280634498671,41.9786,-87.9048,40.639801,-73.7789
"Chicago, IL","Norfolk, VA",717,1255,168.728621513944,41.9786,-87.9048,36.8946,-76.201202
"Chicago, IL","Oklahoma City, OK",693,616,182.250487012987,41.9786,-87.9048,35.393101,-97.6007
"Chicago, IL","Orlando, FL",1005,13382,143.338997907637,41.9786,-87.9048,28.42939949,-81.30899811
"Chicago, IL","Palm Springs, CA",1657,313,311.51,41.9786,-87.9048,33.8297,-116.507004
"Chicago, IL","Pensacola, FL",794,269,164.17,41.9786,-87.9048,30.4734,-87.1866
"Chicago, IL","Philadelphia, PA",678,5295,176.586224740321,41.9786,-87.9048,39.87189865,-75.2410965
"Chicago, IL","Phoenix, AZ",1444,12965,179.503902043965,41.9786,-87.9048,33.435302,-112.005905
"Chicago, IL","Pittsburgh, PA",413,1759,164.274650369528,41.9786,-87.9048,40.49150085,-80.23290253
"Chicago, IL","Portland, ME",900,335,231.79,41.9786,-87.9048,43.646198,-70.309303
"Chicago, IL","Portland, OR",1751,2552,232.335023510972,41.9786,-87.9048,45.58869934,-122.5979996
"Chicago, IL","Raleigh/Durham, NC",646,3164,169.90634323641,41.9786,-87.9048,35.87760162,-78.78749847
"Chicago, IL","Richmond, VA",642,1048,170.73643129771,41.9786,-87.9048,37.50519943,-77.31970215
"Chicago, IL","Sacramento, CA",1790,1608,261.035634328358,41.9786,-87.9048,38.69540024,-121.5910034
"Chicago, IL","Salt Lake City, UT",1259,2940,202.243965986395,41.9786,-87.9048,40.785749,-111.979746
"Chicago, IL","San Antonio, TX",1041,1792,211.5896484375,41.9786,-87.9048,29.533701,-98.469803
"Chicago, IL","San Diego, CA",1728,5301,206.923320128278,41.9786,-87.9048,32.73360062,-117.1900024
"Chicago, IL","San Francisco, CA",1855,9452,248.049796868388,41.9786,-87.9048,37.61899948,-122.375
"Chicago, IL","Sarasota/Bradenton, FL",1050,1838,190.165429815016,41.9786,-87.9048,27.395399,-82.554398
"Chicago, IL","Savannah, GA",773,1292,168.932012383901,41.9786,-87.9048,32.12760162,-81.20210266
"Chicago, IL","Seattle, WA",1733,6104,179.466997051114,41.9786,-87.9048,47.449001,-122.308998
"Chicago, IL","St. Louis, MO",258,1622,150.85509864365,41.9786,-87.9048,38.748697,-90.370003
"Chicago, IL","Tampa, FL",1011,8203,139.914175301719,41.9786,-87.9048,27.97550011,-82.53320313
"Chicago, IL","Tucson, AZ",1440,917,242.528167938931,41.9786,-87.9048,32.115004,-110.938053
"Chicago, IL","Washington, DC",621,10719,161.690605466928,41.9786,-87.9048,38.8521,-77.037697
"Chicago, IL","West Palm Beach/Palm Beach, FL",1143,1628,214.071351351351,41.9786,-87.9048,26.68320084,-80.09559631
"Cincinnati, OH","Dallas/Fort Worth, TX",812,1426,197.377279102384,39.048801,-84.667801,32.896801,-97.038002
"Cincinnati, OH","Denver, CO",1069,2140,153.791962616822,39.048801,-84.667801,39.86169815,-104.6729965
"Cincinnati, OH","Fort Myers, FL",879,1433,164.616866713189,39.048801,-84.667801,26.53619957,-81.75520325
"Cincinnati, OH","Houston, TX",886,1066,193.17373358349,39.048801,-84.667801,29.9843998,-95.34140015
"Cincinnati, OH","Las Vegas, NV",1678,2397,162.606491447643,39.048801,-84.667801,36.08010101,-115.1520004
"Cincinnati, OH","Los Angeles, CA",1900,1588,257.402021410579,39.048801,-84.667801,33.942501,-118.407997
"Cincinnati, OH","Miami, FL",948,2515,145.324345924453,39.048801,-84.667801,25.79319954,-80.29060364
"Cincinnati, OH","Minneapolis/St. Paul, MN",596,561,203.821497326203,39.048801,-84.667801,44.93450165,-93.05999756
"Cincinnati, OH","New York City, NY",626,2474,196.320218270008,39.048801,-84.667801,40.639801,-73.7789
"Cincinnati, OH","Orlando, FL",757,2668,141.843654422789,39.048801,-84.667801,28.42939949,-81.30899811
"Cincinnati, OH","Philadelphia, PA",507,261,213.45,39.048801,-84.667801,39.87189865,-75.2410965
"Cincinnati, OH","Phoenix, AZ",1569,1513,182.534170522141,39.048801,-84.667801,33.435302,-112.005905
"Cincinnati, OH","San Francisco, CA",2036,543,314.47241252302,39.048801,-84.667801,37.61899948,-122.375
"Cincinnati, OH","Seattle, WA",1965,662,238.957854984894,39.048801,-84.667801,47.449001,-122.308998
"Cincinnati, OH","Tampa, FL",776,2374,128.104532434709,39.048801,-84.667801,27.97550011,-82.53320313
"Cincinnati, OH","Valparaiso, FL",600,618,112.952766990291,39.048801,-84.667801,30.4832,-86.525398
"Cincinnati, OH","Washington, DC",430,1589,142.281623662681,39.048801,-84.667801,38.8521,-77.037697
"Cleveland, OH","Dallas/Fort Worth, TX",1023,1406,246.209786628734,41.4117012,-81.84980011,32.896801,-97.038002
"Cleveland, OH","Denver, CO",1224,2121,180.158217821782,41.4117012,-81.84980011,39.86169815,-104.6729965
"Cleveland, OH","Fort Myers, FL",1025,2163,150.08018492834,41.4117012,-81.84980011,26.53619957,-81.75520325
"Cleveland, OH","Houston, TX",1106,1043,255.724803451582,41.4117012,-81.84980011,29.9843998,-95.34140015
"Cleveland, OH","Las Vegas, NV",1846,2638,177.736285064443,41.4117012,-81.84980011,36.08010101,-115.1520004
"Cleveland, OH","Los Angeles, CA",2073,2665,240.212619136961,41.4117012,-81.84980011,33.942501,-118.407997
"Cleveland, OH","Miami, FL",1080,3137,141.658530443098,41.4117012,-81.84980011,25.79319954,-80.29060364
"Cleveland, OH","Minneapolis/St. Paul, MN",657,562,237.456227758007,41.4117012,-81.84980011,44.93450165,-93.05999756
"Cleveland, OH","Nashville, TN",448,888,161.932072072072,41.4117012,-81.84980011,36.12450027,-86.67819977
"Cleveland, OH","New York City, NY",459,2784,180.933591954023,41.4117012,-81.84980011,40.639801,-73.7789
"Cleveland, OH","Orlando, FL",895,3259,127.250742559067,41.4117012,-81.84980011,28.42939949,-81.30899811
"Cleveland, OH","Phoenix, AZ",1754,1980,189.424494949495,41.4117012,-81.84980011,33.435302,-112.005905
"Cleveland, OH","San Francisco, CA",2187,1064,329.765648496241,41.4117012,-81.84980011,37.61899948,-122.375
"Cleveland, OH","Tampa, FL",930.75,2044,127.532666340509,41.4117012,-81.84980011,27.97550011,-82.53320313
"Cleveland, OH","Washington, DC",314,1292,149.096965944272,41.4117012,-81.84980011,38.8521,-77.037697
"Colorado Springs, CO","Dallas/Fort Worth, TX",602,1419,145.198752642706,38.96969986,-104.8130035,32.896801,-97.038002
"Colorado Springs, CO","Las Vegas, NV",604,936,117.151420940171,38.96969986,-104.8130035,36.08010101,-115.1520004
"Colorado Springs, CO","Los Angeles, CA",833,522,190.718697318008,38.96969986,-104.8130035,33.942501,-118.407997
"Colorado Springs, CO","Phoenix, AZ",551,858,126.047867132867,38.96969986,-104.8130035,33.435302,-112.005905
"Columbus, OH","Dallas/Fort Worth, TX",926,1848,202.287142857143,39.998001,-82.891899,32.896801,-97.038002
"Columbus, OH","Denver, CO",1154,1513,196.245228023794,39.998001,-82.891899,39.86169815,-104.6729965
"Columbus, OH","Fort Myers, FL",930,1909,165.474044002095,39.998001,-82.891899,26.53619957,-81.75520325
"Columbus, OH","Houston, TX",1001,1035,223.228618357488,39.998001,-82.891899,29.9843998,-95.34140015
"Columbus, OH","Las Vegas, NV",1771,1797,202.355498052309,39.998001,-82.891899,36.08010101,-115.1520004
"Columbus, OH","Los Angeles, CA",1995,1798,235.479872080089,39.998001,-82.891899,33.942501,-118.407997
"Columbus, OH","Miami, FL",990,2426,153.5194641385,39.998001,-82.891899,25.79319954,-80.29060364
"Columbus, OH","Minneapolis/St. Paul, MN",626,582,233.63,39.998001,-82.891899,44.93450165,-93.05999756
"Columbus, OH","New York City, NY",519,2630,189.064813688213,39.998001,-82.891899,40.639801,-73.7789
"Columbus, OH","Orlando, FL",802,2870,150.491728222997,39.998001,-82.891899,28.42939949,-81.30899811
"Columbus, OH","Phoenix, AZ",1670,1359,243.155305371597,39.998001,-82.891899,33.435302,-112.005905
"Columbus, OH","San Francisco, CA",2120,626,290.041916932907,39.998001,-82.891899,37.61899948,-122.375
"Columbus, OH","Sarasota/Bradenton, FL",869,261,148.84,39.998001,-82.891899,27.395399,-82.554398
"Columbus, OH","Seattle, WA",2016,635,246.112377952756,39.998001,-82.891899,47.449001,-122.308998
"Columbus, OH","Tampa, FL",829,2044,145.360044031311,39.998001,-82.891899,27.97550011,-82.53320313
"Columbus, OH","Washington, DC",337,1395,150.490616487455,39.998001,-82.891899,38.8521,-77.037697
"Dallas/Fort Worth, TX","Denver, CO",651,9649,134.292263446989,32.896801,-97.038002,39.86169815,-104.6729965
"Dallas/Fort Worth, TX","Detroit, MI",986,4306,161.086460752438,32.896801,-97.038002,42.21239853,-83.35340118
"Dallas/Fort Worth, TX","El Paso, TX",562,2520,171.236523809524,32.896801,-97.038002,31.80719948,-106.3779984
"Dallas/Fort Worth, TX","Fort Myers, FL",1017,1566,206.85506385696,32.896801,-97.038002,26.53619957,-81.75520325
"Dallas/Fort Worth, TX","Hartford, CT",1471,279,274.51,32.896801,-97.038002,41.93851,-72.688066
"Dallas/Fort Worth, TX","Houston, TX",247,4652,157.608370593293,32.896801,-97.038002,29.9843998,-95.34140015
"Dallas/Fort Worth, TX","Indianapolis, IN",761,2149,203.757696603071,32.896801,-97.038002,39.7173,-86.294403
"Dallas/Fort Worth, TX","Jacksonville, FL",918,1442,206.752468793343,32.896801,-97.038002,30.49410057,-81.68789673
"Dallas/Fort Worth, TX","Kansas City, MO",461,3053,159.169970520799,32.896801,-97.038002,39.2976,-94.713898
"Dallas/Fort Worth, TX","Las Vegas, NV",1067,9659,178.606618697588,32.896801,-97.038002,36.08010101,-115.1520004
"Dallas/Fort Worth, TX","Los Angeles, CA",1246,18997,177.54315365584,32.896801,-97.038002,33.942501,-118.407997
"Dallas/Fort Worth, TX","Louisville, KY",733,980,194.273959183673,32.896801,-97.038002,38.22800064,-85.66369629
"Dallas/Fort Worth, TX","Lubbock, TX",293,994,158.79583501006,32.896801,-97.038002,33.663601,-101.822998
"Dallas/Fort Worth, TX","Memphis, TN",431,1870,153.808331550802,32.896801,-97.038002,35.04240036,-89.97669983
"Dallas/Fort Worth, TX","Miami, FL",1121,9180,162.349831154684,32.896801,-97.038002,25.79319954,-80.29060364
"Dallas/Fort Worth, TX","Midland/Odessa, TX",319,841,163.061141498216,32.896801,-97.038002,31.94249916,-102.2020035
"Dallas/Fort Worth, TX","Milwaukee, WI",853,1256,202.791886942675,32.896801,-97.038002,42.94720078,-87.89659882
"Dallas/Fort Worth, TX","Minneapolis/St. Paul, MN",853,4487,141.911958992645,32.896801,-97.038002,44.93450165,-93.05999756
"Dallas/Fort Worth, TX","Nashville, TN",631,4277,166.807140519055,32.896801,-97.038002,36.12450027,-86.67819977
"Dallas/Fort Worth, TX","New Orleans, LA",447,3660,139.858909836066,32.896801,-97.038002,29.99340057,-90.25800323
"Dallas/Fort Worth, TX","New York City, NY",1428,13442,182.904781282547,32.896801,-97.038002,40.639801,-73.7789
"Dallas/Fort Worth, TX","Norfolk, VA",1212,1017,238.371730580138,32.896801,-97.038002,36.8946,-76.201202
"Dallas/Fort Worth, TX","Orlando, FL",985,8366,165.987574707148,32.896801,-97.038002,28.42939949,-81.30899811
"Dallas/Fort Worth, TX","Panama City, FL",685,826,179.025423728814,32.896801,-97.038002,30.357106,-85.795414
"Dallas/Fort Worth, TX","Pensacola, FL",604,1086,158.622523020258,32.896801,-97.038002,30.4734,-87.1866
"Dallas/Fort Worth, TX","Philadelphia, PA",1303,3833,218.068215497,32.896801,-97.038002,39.87189865,-75.2410965
"Dallas/Fort Worth, TX","Phoenix, AZ",879,7452,172.005907139023,32.896801,-97.038002,33.435302,-112.005905
"Dallas/Fort Worth, TX","Pittsburgh, PA",1067,1539,231.837134502924,32.896801,-97.038002,40.49150085,-80.23290253
"Dallas/Fort Worth, TX","Portland, OR",1626,2422,229.175185796862,32.896801,-97.038002,45.58869934,-122.5979996
"Dallas/Fort Worth, TX","Raleigh/Durham, NC",1061,2150,223.21691627907,32.896801,-97.038002,35.87760162,-78.78749847
"Dallas/Fort Worth, TX","Richmond, VA",1158,945,238.153650793651,32.896801,-97.038002,37.50519943,-77.31970215
"Dallas/Fort Worth, TX","Sacramento, CA",1442,2309,242.138302295366,32.896801,-97.038002,38.69540024,-121.5910034
"Dallas/Fort Worth, TX","Salt Lake City, UT",999,4130,184.35315496368,32.896801,-97.038002,40.785749,-111.979746
"Dallas/Fort Worth, TX","San Antonio, TX",247,2581,163.068760170477,32.896801,-97.038002,29.533701,-98.469803
"Dallas/Fort Worth, TX","San Diego, CA",1182,4559,212.584303575346,32.896801,-97.038002,32.73360062,-117.1900024
"Dallas/Fort Worth, TX","San Francisco, CA",1476,6869,216.016782646673,32.896801,-97.038002,37.61899948,-122.375
"Dallas/Fort Worth, TX","Savannah, GA",925,797,197.189410288582,32.896801,-97.038002,32.12760162,-81.20210266
"Dallas/Fort Worth, TX","Seattle, WA",1670,5146,209.658750485814,32.896801,-97.038002,47.449001,-122.308998
"Dallas/Fort Worth, TX","St. Louis, MO",550,3163,172.659522605122,32.896801,-97.038002,38.748697,-90.370003
"Dallas/Fort Worth, TX","Tampa, FL",929,4523,155.231784214017,32.896801,-97.038002,27.97550011,-82.53320313
"Dallas/Fort Worth, TX","Tucson, AZ",824,276,246.42,32.896801,-97.038002,32.115004,-110.938053
"Dallas/Fort Worth, TX","Valparaiso, FL",641,957,182.512842215256,32.896801,-97.038002,30.4832,-86.525398
"Dallas/Fort Worth, TX","Washington, DC",1217,9154,204.23260214114,32.896801,-97.038002,38.8521,-77.037697
"Dallas/Fort Worth, TX","West Palm Beach/Palm Beach, FL",1102,252,282.98,32.896801,-97.038002,26.68320084,-80.09559631
"Denver, CO","Des Moines, IA",589,916,144.691200873362,39.86169815,-104.6729965,41.534,-93.663101
"Denver, CO","Detroit, MI",1123,3694,174.372874932323,39.86169815,-104.6729965,42.21239853,-83.35340118
"Denver, CO","El Paso, TX",563,570,150.899157894737,39.86169815,-104.6729965,31.80719948,-106.3779984
"Denver, CO","Fort Myers, FL",1607,2022,198.571364985163,39.86169815,-104.6729965,26.53619957,-81.75520325
"Denver, CO","Fresno, CA",844,253,158.53,39.86169815,-104.6729965,36.776199,-119.718002
"Denver, CO","Grand Rapids, MI",1015,1208,180.955124172185,39.86169815,-104.6729965,42.88079834,-85.52279663
"Denver, CO","Hartford, CT",1671,1088,251.709604779412,39.86169815,-104.6729965,41.93851,-72.688066
"Denver, CO","Houston, TX",883,7787,151.23793116733,39.86169815,-104.6729965,29.9843998,-95.34140015
"Denver, CO","Indianapolis, IN",977,2588,173.880208655332,39.86169815,-104.6729965,39.7173,-86.294403
"Denver, CO","Jacksonville, FL",1447,1038,234.772764932563,39.86169815,-104.6729965,30.49410057,-81.68789673
"Denver, CO","Kansas City, MO",533,2793,158.726738274257,39.86169815,-104.6729965,39.2976,-94.713898
"Denver, CO","Las Vegas, NV",628,6477,146.076479851783,39.86169815,-104.6729965,36.08010101,-115.1520004
"Denver, CO","Los Angeles, CA",862,14550,137.898606872852,39.86169815,-104.6729965,33.942501,-118.407997
"Denver, CO","Louisville, KY",1024,314,188.46,39.86169815,-104.6729965,38.22800064,-85.66369629
"Denver, CO","Madison, WI",826,328,167.5,39.86169815,-104.6729965,43.1399,-89.337502
"Denver, CO","Memphis, TN",872,619,173.762407108239,39.86169815,-104.6729965,35.04240036,-89.97669983
"Denver, CO","Miami, FL",1709,7043,172.498289081357,39.86169815,-104.6729965,25.79319954,-80.29060364
"Denver, CO","Milwaukee, WI",896,2035,172.432756756757,39.86169815,-104.6729965,42.94720078,-87.89659882
"Denver, CO","Minneapolis/St. Paul, MN",680,6280,136.030898089172,39.86169815,-104.6729965,44.93450165,-93.05999756
"Denver, CO","Nashville, TN",1014,3419,175.638224627084,39.86169815,-104.6729965,36.12450027,-86.67819977
"Denver, CO","New Orleans, LA",1062,2509,160.824499800717,39.86169815,-104.6729965,29.99340057,-90.25800323
"Denver, CO","New York City, NY",1659,10703,232.531593945623,39.86169815,-104.6729965,40.639801,-73.7789
"Denver, CO","Norfolk, VA",1553,587,215.176916524702,39.86169815,-104.6729965,36.8946,-76.201202
"Denver, CO","Oklahoma City, OK",495,1335,151.44461423221,39.86169815,-104.6729965,35.393101,-97.6007
"Denver, CO","Orlando, FL",1546,7043,170.697354820389,39.86169815,-104.6729965,28.42939949,-81.30899811
"Denver, CO","Palm Springs, CA",776,270,209.81,39.86169815,-104.6729965,33.8297,-116.507004
"Denver, CO","Pensacola, FL",1179,624,155.981282051282,39.86169815,-104.6729965,30.4734,-87.1866
"Denver, CO","Philadelphia, PA",1558,4306,197.776855550395,39.86169815,-104.6729965,39.87189865,-75.2410965
"Denver, CO","Phoenix, AZ",602,9055,139.458506902264,39.86169815,-104.6729965,33.435302,-112.005905
"Denver, CO","Pittsburgh, PA",1290,1559,218.590744066709,39.86169815,-104.6729965,40.49150085,-80.23290253
"Denver, CO","Portland, OR",991,3749,156.526140304081,39.86169815,-104.6729965,45.58869934,-122.5979996
"Denver, CO","Raleigh/Durham, NC",1436,2498,179.237690152122,39.86169815,-104.6729965,35.87760162,-78.78749847
"Denver, CO","Richmond, VA",1482,630,236.169142857143,39.86169815,-104.6729965,37.50519943,-77.31970215
"Denver, CO","Sacramento, CA",909,2703,160.69473917869,39.86169815,-104.6729965,38.69540024,-121.5910034
"Denver, CO","Salt Lake City, UT",391,3662,111.563001092299,39.86169815,-104.6729965,40.785749,-111.979746
"Denver, CO","San Antonio, TX",794,2544,152.578820754717,39.86169815,-104.6729965,29.533701,-98.469803
"Denver, CO","San Diego, CA",853,5310,157.971538606403,39.86169815,-104.6729965,32.73360062,-117.1900024
"Denver, CO","San Francisco, CA",967,8336,177.333909548944,39.86169815,-104.6729965,37.61899948,-122.375
"Denver, CO","Santa Barbara, CA",916,579,182.408687392055,39.86169815,-104.6729965,34.42620087,-119.8399963
"Denver, CO","Seattle, WA",1024,6383,139.445141782861,39.86169815,-104.6729965,47.449001,-122.308998
"Denver, CO","Spokane, WA",836,667,182.302593703148,39.86169815,-104.6729965,47.6199,-117.533997
"Denver, CO","St. Louis, MO",770,3159,153.13502374169,39.86169815,-104.6729965,38.748697,-90.370003
"Denver, CO","Tampa, FL",1506,4647,178.431261028621,39.86169815,-104.6729965,27.97550011,-82.53320313
"Denver, CO","Tucson, AZ",639,1094,174.940347349177,39.86169815,-104.6729965,32.115004,-110.938053
"Denver, CO","Tulsa, OK",541,858,155.557237762238,39.86169815,-104.6729965,36.03960037,-95.98459625
"Denver, CO","Washington, DC",1491,8384,200.884151956107,39.86169815,-104.6729965,38.8521,-77.037697
"Des Moines, IA","Las Vegas, NV",1216,988,167.949392712551,41.534,-93.663101,36.08010101,-115.1520004
"Des Moines, IA","Los Angeles, CA",1447,257,218.2,41.534,-93.663101,33.942501,-118.407997
"Des Moines, IA","Phoenix, AZ",1149,1611,168.909056486654,41.534,-93.663101,33.435302,-112.005905
"Detroit, MI","Fort Myers, FL",1084,4437,192.920450755015,42.21239853,-83.35340118,26.53619957,-81.75520325
"Detroit, MI","Houston, TX",1092,3129,173.62338766379,42.21239853,-83.35340118,29.9843998,-95.34140015
"Detroit, MI","Jacksonville, FL",813,805,189.237962732919,42.21239853,-83.35340118,30.49410057,-81.68789673
"Detroit, MI","Kansas City, MO",629,616,208.518701298701,42.21239853,-83.35340118,39.2976,-94.713898
"Detroit, MI","Las Vegas, NV",1749,6711,184.98186410371,42.21239853,-83.35340118,36.08010101,-115.1520004
"Detroit, MI","Los Angeles, CA",1979,5985,249.89733166249,42.21239853,-83.35340118,33.942501,-118.407997
"Detroit, MI","Miami, FL",1145,7714,167.358577910293,42.21239853,-83.35340118,25.79319954,-80.29060364
"Detroit, MI","Minneapolis/St. Paul, MN",528,1453,220.984012388162,42.21239853,-83.35340118,44.93450165,-93.05999756
"Detroit, MI","Myrtle Beach, SC",636,704,127.203778409091,42.21239853,-83.35340118,33.81169891,-78.72389984
"Detroit, MI","Nashville, TN",456,2193,168.032480620155,42.21239853,-83.35340118,36.12450027,-86.67819977
"Detroit, MI","New Orleans, LA",926,1053,165.582374169041,42.21239853,-83.35340118,29.99340057,-90.25800323
"Detroit, MI","New York City, NY",540,6541,188.86740100902,42.21239853,-83.35340118,40.639801,-73.7789
"Detroit, MI","Orlando, FL",957,7562,153.963159217138,42.21239853,-83.35340118,28.42939949,-81.30899811
"Detroit, MI","Philadelphia, PA",453,1501,184.585116588941,42.21239853,-83.35340118,39.87189865,-75.2410965
"Detroit, MI","Phoenix, AZ",1671,4385,232.594572405929,42.21239853,-83.35340118,33.435302,-112.005905
"Detroit, MI","Portland, OR",1953,299,305.99,42.21239853,-83.35340118,45.58869934,-122.5979996
"Detroit, MI","Raleigh/Durham, NC",501,1099,190.99212010919,42.21239853,-83.35340118,35.87760162,-78.78749847
"Detroit, MI","Salt Lake City, UT",1481,1010,286.144663366337,42.21239853,-83.35340118,40.785749,-111.979746
"Detroit, MI","San Antonio, TX",1214,254,268.1,42.21239853,-83.35340118,29.533701,-98.469803
"Detroit, MI","San Diego, CA",1956,1655,272.61264652568,42.21239853,-83.35340118,32.73360062,-117.1900024
"Detroit, MI","San Francisco, CA",2079,2876,311.985458970793,42.21239853,-83.35340118,37.61899948,-122.375
"Detroit, MI","Seattle, WA",1927,1832,281.821222707424,42.21239853,-83.35340118,47.449001,-122.308998
"Detroit, MI","St. Louis, MO",440,602,190.351561461794,42.21239853,-83.35340118,38.748697,-90.370003
"Detroit, MI","Tampa, FL",983,4627,158.952489734169,42.21239853,-83.35340118,27.97550011,-82.53320313
"Detroit, MI","Washington, DC",409,4132,147.401009196515,42.21239853,-83.35340118,38.8521,-77.037697
"Eagle, CO","New York City, NY",1746,265,268.39,39.64260101,-106.9179993,40.639801,-73.7789
"El Paso, TX","Houston, TX",677,1284,186.597172897196,31.80719948,-106.3779984,29.9843998,-95.34140015
"El Paso, TX","Las Vegas, NV",583,1163,156.321014617369,31.80719948,-106.3779984,36.08010101,-115.1520004
"El Paso, TX","Los Angeles, CA",715,1487,181.437256220578,31.80719948,-106.3779984,33.942501,-118.407997
"El Paso, TX","Phoenix, AZ",347,551,146.647931034483,31.80719948,-106.3779984,33.435302,-112.005905
"El Paso, TX","San Antonio, TX",496,262,174.76,31.80719948,-106.3779984,29.533701,-98.469803
"Eugene, OR","Los Angeles, CA",776,1139,168.18132572432,44.12459946,-123.211998,33.942501,-118.407997
"Eugene, OR","San Francisco, CA",471,332,149,44.12459946,-123.211998,37.61899948,-122.375
"Fargo, ND","Phoenix, AZ",1225,677,141.656661742984,46.92070007,-96.81580353,33.435302,-112.005905
"Fayetteville, AR","New York City, NY",1187,251,236.15,36.00510025,-94.17009735,40.639801,-73.7789
"Fort Myers, FL","Grand Rapids, MI",1147,337,173.14,26.53619957,-81.75520325,42.88079834,-85.52279663
"Fort Myers, FL","Hartford, CT",1180,1048,179.189866412214,26.53619957,-81.75520325,41.93851,-72.688066
"Fort Myers, FL","Houston, TX",861,261,184.98,26.53619957,-81.75520325,29.9843998,-95.34140015
"Fort Myers, FL","Indianapolis, IN",945,2404,174.666801164725,26.53619957,-81.75520325,39.7173,-86.294403
"Fort Myers, FL","Kansas City, MO",1155,277,188.98,26.53619957,-81.75520325,39.2976,-94.713898
"Fort Myers, FL","Los Angeles, CA",2238,290,338.49,26.53619957,-81.75520325,33.942501,-118.407997
"Fort Myers, FL","Milwaukee, WI",1183,1497,185.113961255845,26.53619957,-81.75520325,42.94720078,-87.89659882
"Fort Myers, FL","Minneapolis/St. Paul, MN",1416,5537,175.736998374571,26.53619957,-81.75520325,44.93450165,-93.05999756
"Fort Myers, FL","New York City, NY",1120,9366,167.510937433269,26.53619957,-81.75520325,40.639801,-73.7789
"Fort Myers, FL","Philadelphia, PA",993,2563,160.187116660164,26.53619957,-81.75520325,39.87189865,-75.2410965
"Fort Myers, FL","Pittsburgh, PA",966,1580,167.762329113924,26.53619957,-81.75520325,40.49150085,-80.23290253
"Fort Myers, FL","St. Louis, MO",979,1600,184.1177125,26.53619957,-81.75520325,38.748697,-90.370003
"Fort Myers, FL","Washington, DC",919,3624,178.573463024283,26.53619957,-81.75520325,38.8521,-77.037697
"Fresno, CA","Las Vegas, NV",259,1316,111.930068389058,36.776199,-119.718002,36.08010101,-115.1520004
"Fresno, CA","Seattle, WA",748,952,161.564978991597,36.776199,-119.718002,47.449001,-122.308998
"Grand Rapids, MI","Las Vegas, NV",1642,931,174.979527389903,42.88079834,-85.52279663,36.08010101,-115.1520004
"Grand Rapids, MI","Los Angeles, CA",1874,576,257.654166666667,42.88079834,-85.52279663,33.942501,-118.407997
"Grand Rapids, MI","New York City, NY",656,583,204.68679245283,42.88079834,-85.52279663,40.639801,-73.7789
"Grand Rapids, MI","Orlando, FL",1024,933,168.20308681672,42.88079834,-85.52279663,28.42939949,-81.30899811
"Grand Rapids, MI","Phoenix, AZ",1574,1216,191.160847039474,42.88079834,-85.52279663,33.435302,-112.005905
"Grand Rapids, MI","Sanford, FL",1001,256,105.44,42.88079834,-85.52279663,28.77759933,-81.23750305
"Grand Rapids, MI","Tampa, FL",1044,1392,130.400596264368,42.88079834,-85.52279663,27.97550011,-82.53320313
"Grand Rapids, MI","Washington, DC",528,264,172.07,42.88079834,-85.52279663,38.8521,-77.037697
"Greensboro/High Point, NC","New York City, NY",492,973,168.135334018499,36.097801,-79.937302,40.639801,-73.7789
"Hartford, CT","Las Vegas, NV",2297,948,218.754198312236,41.93851,-72.688066,36.08010101,-115.1520004
"Hartford, CT","Los Angeles, CA",2527,1425,266.546638596491,41.93851,-72.688066,33.942501,-118.407997
"Hartford, CT","Miami, FL",1194,3370,146.834195845697,41.93851,-72.688066,25.79319954,-80.29060364
"Hartford, CT","Minneapolis/St. Paul, MN",1050,292,227.94,41.93851,-72.688066,44.93450165,-93.05999756
"Hartford, CT","Orlando, FL",1050,4124,155.632046556741,41.93851,-72.688066,28.42939949,-81.30899811
"Hartford, CT","San Francisco, CA",2625,630,285.689253968254,41.93851,-72.688066,37.61899948,-122.375
"Hartford, CT","Tampa, FL",1111,2170,173.217073732719,41.93851,-72.688066,27.97550011,-82.53320313
"Hartford, CT","Washington, DC",326,1309,172.563414820474,41.93851,-72.688066,38.8521,-77.037697
"Hartford, CT","West Palm Beach/Palm Beach, FL",1133,939,197.805037273695,41.93851,-72.688066,26.68320084,-80.09559631
"Houston, TX","Indianapolis, IN",861,1183,219.712958579882,29.9843998,-95.34140015,39.7173,-86.294403
"Houston, TX","Jacksonville, FL",817,866,211.096766743649,29.9843998,-95.34140015,30.49410057,-81.68789673
"Houston, TX","Kansas City, MO",666,1684,190.601579572447,29.9843998,-95.34140015,39.2976,-94.713898
"Houston, TX","Las Vegas, NV",1235,7529,178.846459025103,29.9843998,-95.34140015,36.08010101,-115.1520004
"Houston, TX","Los Angeles, CA",1390,11804,179.254413758048,29.9843998,-95.34140015,33.942501,-118.407997
"Houston, TX","Memphis, TN",484,1178,164.186069609508,29.9843998,-95.34140015,35.04240036,-89.97669983
"Houston, TX","Miami, FL",966,8582,148.48409345141,29.9843998,-95.34140015,25.79319954,-80.29060364
"Houston, TX","Midland/Odessa, TX",441,1961,170.957103518613,29.9843998,-95.34140015,31.94249916,-102.2020035
"Houston, TX","Milwaukee, WI",1004,539,218.594285714286,29.9843998,-95.34140015,42.94720078,-87.89659882
"Houston, TX","Minneapolis/St. Paul, MN",1057,2256,185.189534574468,29.9843998,-95.34140015,44.93450165,-93.05999756
"Houston, TX","Nashville, TN",670,3059,165.961203007519,29.9843998,-95.34140015,36.12450027,-86.67819977
"Houston, TX","New Orleans, LA",305,3079,138.945053588828,29.9843998,-95.34140015,29.99340057,-90.25800323
"Houston, TX","New York City, NY",1465,11136,200.904647090517,29.9843998,-95.34140015,40.639801,-73.7789
"Houston, TX","Oklahoma City, OK",419,1306,158.565038284839,29.9843998,-95.34140015,35.393101,-97.6007
"Houston, TX","Orlando, FL",854,6599,153.103029246856,29.9843998,-95.34140015,28.42939949,-81.30899811
"Houston, TX","Philadelphia, PA",1336,2447,204.611953412342,29.9843998,-95.34140015,39.87189865,-75.2410965
"Houston, TX","Phoenix, AZ",1020,4073,184.336484164007,29.9843998,-95.34140015,33.435302,-112.005905
"Houston, TX","Pittsburgh, PA",1131,1336,250.436002994012,29.9843998,-95.34140015,40.49150085,-80.23290253
"Houston, TX","Portland, OR",1843,1131,275.312475685234,29.9843998,-95.34140015,45.58869934,-122.5979996
"Houston, TX","Raleigh/Durham, NC",1050,1239,236.565133171913,29.9843998,-95.34140015,35.87760162,-78.78749847
"Houston, TX","Sacramento, CA",1624,1152,258.028958333333,29.9843998,-95.34140015,38.69540024,-121.5910034
"Houston, TX","Salt Lake City, UT",1214,2417,227.218196110881,29.9843998,-95.34140015,40.785749,-111.979746
"Houston, TX","San Diego, CA",1313,2777,215.162833993518,29.9843998,-95.34140015,32.73360062,-117.1900024
"Houston, TX","San Francisco, CA",1649,4840,249.385605371901,29.9843998,-95.34140015,37.61899948,-122.375
"Houston, TX","Seattle, WA",1894,2895,241.944822107081,29.9843998,-95.34140015,47.449001,-122.308998
"Houston, TX","St. Louis, MO",687,2135,180.487587822014,29.9843998,-95.34140015,38.748697,-90.370003
"Houston, TX","Tampa, FL",787,2776,148.61644092219,29.9843998,-95.34140015,27.97550011,-82.53320313
"Houston, TX","Tulsa, OK",453,1226,157.634029363785,29.9843998,-95.34140015,36.03960037,-95.98459625
"Houston, TX","Washington, DC",1246,6897,207.833742206757,29.9843998,-95.34140015,38.8521,-77.037697
"Indianapolis, IN","Las Vegas, NV",1590,2561,182.157212026552,39.7173,-86.294403,36.08010101,-115.1520004
"Indianapolis, IN","Los Angeles, CA",1814,2434,239.125907970419,39.7173,-86.294403,33.942501,-118.407997
"Indianapolis, IN","Miami, FL",1020,2762,158.029750181028,39.7173,-86.294403,25.79319954,-80.29060364
"Indianapolis, IN","Minneapolis/St. Paul, MN",503,646,209.511857585139,39.7173,-86.294403,44.93450165,-93.05999756
"Indianapolis, IN","New York City, NY",701,2687,211.450323781169,39.7173,-86.294403,40.639801,-73.7789
"Indianapolis, IN","Orlando, FL",829,3485,152.745566714491,39.7173,-86.294403,28.42939949,-81.30899811
"Indianapolis, IN","Philadelphia, PA",588,615,232.248536585366,39.7173,-86.294403,39.87189865,-75.2410965
"Indianapolis, IN","Phoenix, AZ",1488,2116,236.310680529301,39.7173,-86.294403,33.435302,-112.005905
"Indianapolis, IN","San Francisco, CA",1943,1113,289.958876909254,39.7173,-86.294403,37.61899948,-122.375
"Indianapolis, IN","Sarasota/Bradenton, FL",876,643,141.11600311042,39.7173,-86.294403,27.395399,-82.554398
"Indianapolis, IN","Seattle, WA",1866,937,257.550885805763,39.7173,-86.294403,47.449001,-122.308998
"Indianapolis, IN","Tampa, FL",840,3035,140.424991762768,39.7173,-86.294403,27.97550011,-82.53320313
"Indianapolis, IN","Washington, DC",516,1968,176.196163617886,39.7173,-86.294403,38.8521,-77.037697
"Jackson, WY","New York City, NY",1925,317,359.31,43.6072998,-110.737999,40.639801,-73.7789
"Jacksonville, FL","Las Vegas, NV",1965,532,291.77984962406,30.49410057,-81.68789673,36.08010101,-115.1520004
"Jacksonville, FL","Los Angeles, CA",2153,1284,224.519517133956,30.49410057,-81.68789673,33.942501,-118.407997
"Jacksonville, FL","Miami, FL",335,1215,129.319637860082,30.49410057,-81.68789673,25.79319954,-80.29060364
"Jacksonville, FL","Nashville, TN",483,983,156.57510681587,30.49410057,-81.68789673,36.12450027,-86.67819977
"Jacksonville, FL","New York City, NY",866.25,5146,163.193015934707,30.49410057,-81.68789673,40.639801,-73.7789
"Jacksonville, FL","Philadelphia, PA",742,1172,186.485725255973,30.49410057,-81.68789673,39.87189865,-75.2410965
"Jacksonville, FL","Washington, DC",663,3332,167.24355942377,30.49410057,-81.68789673,38.8521,-77.037697
"Kalispell, MT","Los Angeles, CA",1027,272,200.68,48.3105011,-114.2559967,33.942501,-118.407997
"Kansas City, MO","Las Vegas, NV",1139,2620,185.055190839695,39.2976,-94.713898,36.08010101,-115.1520004
"Kansas City, MO","Los Angeles, CA",1363,3192,195.824862155388,39.2976,-94.713898,33.942501,-118.407997
"Kansas City, MO","Miami, FL",1251,1838,185.781186071817,39.2976,-94.713898,25.79319954,-80.29060364
"Kansas City, MO","Minneapolis/St. Paul, MN",393,260,213.84,39.2976,-94.713898,44.93450165,-93.05999756
"Kansas City, MO","Nashville, TN",491,1000,171.58333,39.2976,-94.713898,36.12450027,-86.67819977
"Kansas City, MO","New York City, NY",1148,1986,231.424093655589,39.2976,-94.713898,40.639801,-73.7789
"Kansas City, MO","Orlando, FL",1072,2726,164.173521643434,39.2976,-94.713898,28.42939949,-81.30899811
"Kansas City, MO","Philadelphia, PA",1038,538,270.271356877323,39.2976,-94.713898,39.87189865,-75.2410965
"Kansas City, MO","Phoenix, AZ",1044,2543,219.374868265828,39.2976,-94.713898,33.435302,-112.005905
"Kansas City, MO","Portland, OR",1482,289,237.91,39.2976,-94.713898,45.58869934,-122.5979996
"Kansas City, MO","Salt Lake City, UT",920,550,221.905563636364,39.2976,-94.713898,40.785749,-111.979746
"Kansas City, MO","San Diego, CA",1334,917,239.028582333697,39.2976,-94.713898,32.73360062,-117.1900024
"Kansas City, MO","San Francisco, CA",1499,1195,258.31889539749,39.2976,-94.713898,37.61899948,-122.375
"Kansas City, MO","Seattle, WA",1489,1328,211.003381024096,39.2976,-94.713898,47.449001,-122.308998
"Kansas City, MO","Tampa, FL",1048,1618,181.185500618047,39.2976,-94.713898,27.97550011,-82.53320313
"Kansas City, MO","Washington, DC",967,2129,205.541935180836,39.2976,-94.713898,38.8521,-77.037697
"Key West, FL","New York City, NY",1233.75,1475,215.087810169492,24.556101,-81.759598,40.639801,-73.7789
"Knoxville, TN","Miami, FL",724,584,149.220273972603,35.811001,-83.994003,25.79319954,-80.29060364
"Knoxville, TN","New York City, NY",684,296,208.11,35.811001,-83.994003,40.639801,-73.7789
"Las Vegas, NV","Los Angeles, CA",236,15680,118.535533163265,36.08010101,-115.1520004,33.942501,-118.407997
"Las Vegas, NV","Louisville, KY",1624,953,196.392098635887,36.08010101,-115.1520004,38.22800064,-85.66369629
"Las Vegas, NV","Memphis, TN",1416,1292,193.123049535604,36.08010101,-115.1520004,35.04240036,-89.97669983
"Las Vegas, NV","Miami, FL",2174,6244,196.031686418962,36.08010101,-115.1520004,25.79319954,-80.29060364
"Las Vegas, NV","Milwaukee, WI",1524,2108,187.205355787476,36.08010101,-115.1520004,42.94720078,-87.89659882
"Las Vegas, NV","Minneapolis/St. Paul, MN",1299,6252,145.225215930902,36.08010101,-115.1520004,44.93450165,-93.05999756
"Las Vegas, NV","Mission/McAllen/Edinburg, TX",1210,938,145.086289978678,36.08010101,-115.1520004,26.176141,-98.237965
"Las Vegas, NV","Nashville, TN",1587,2471,209.671756373938,36.08010101,-115.1520004,36.12450027,-86.67819977
"Las Vegas, NV","New Orleans, LA",1500,1754,188.565490307868,36.08010101,-115.1520004,29.99340057,-90.25800323
"Las Vegas, NV","New York City, NY",2282,11742,256.868085505025,36.08010101,-115.1520004,40.639801,-73.7789
"Las Vegas, NV","Oklahoma City, OK",986,1172,183.595281569966,36.08010101,-115.1520004,35.393101,-97.6007
"Las Vegas, NV","Orlando, FL",2039,3785,193.451373844122,36.08010101,-115.1520004,28.42939949,-81.30899811
"Las Vegas, NV","Philadelphia, PA",2176,3955,219.455400758534,36.08010101,-115.1520004,39.87189865,-75.2410965
"Las Vegas, NV","Phoenix, AZ",276,4419,133.3068477031,36.08010101,-115.1520004,33.435302,-112.005905
"Las Vegas, NV","Pittsburgh, PA",1910,1725,223.14507826087,36.08010101,-115.1520004,40.49150085,-80.23290253
"Las Vegas, NV","Portland, OR",763,5069,155.247025054251,36.08010101,-115.1520004,45.58869934,-122.5979996
"Las Vegas, NV","Raleigh/Durham, NC",2026,2470,188.176295546559,36.08010101,-115.1520004,35.87760162,-78.78749847
"Las Vegas, NV","Richmond, VA",2086,942,223.33923566879,36.08010101,-115.1520004,37.50519943,-77.31970215
"Las Vegas, NV","Sacramento, CA",397,4416,138.126265851449,36.08010101,-115.1520004,38.69540024,-121.5910034
"Las Vegas, NV","Salt Lake City, UT",368,3286,134.784659160073,36.08010101,-115.1520004,40.785749,-111.979746
"Las Vegas, NV","San Antonio, TX",1069,3058,187.477132112492,36.08010101,-115.1520004,29.533701,-98.469803
"Las Vegas, NV","San Diego, CA",258,3665,133.171369713506,36.08010101,-115.1520004,32.73360062,-117.1900024
"Las Vegas, NV","San Francisco, CA",414,13618,142.055693200176,36.08010101,-115.1520004,37.61899948,-122.375
"Las Vegas, NV","Seattle, WA",867,9626,140.976010804072,36.08010101,-115.1520004,47.449001,-122.308998
"Las Vegas, NV","Spokane, WA",806,1494,158.201887550201,36.08010101,-115.1520004,47.6199,-117.533997
"Las Vegas, NV","St. Louis, MO",1371,2774,182.047307137707,36.08010101,-115.1520004,38.748697,-90.370003
"Las Vegas, NV","Tampa, FL",1984,2754,196.90315177923,36.08010101,-115.1520004,27.97550011,-82.53320313
"Las Vegas, NV","Tucson, AZ",365,519,151.303217726397,36.08010101,-115.1520004,32.115004,-110.938053
"Las Vegas, NV","Tulsa, OK",1076,776,191.51699742268,36.08010101,-115.1520004,36.03960037,-95.98459625
"Las Vegas, NV","Washington, DC",2106,6702,250.105807221725,36.08010101,-115.1520004,38.8521,-77.037697
"Los Angeles, CA","Louisville, KY",1843,637,232.862150706436,33.942501,-118.407997,38.22800064,-85.66369629
"Los Angeles, CA","Medford, OR",659,533,166.103339587242,33.942501,-118.407997,42.37419891,-122.8730011
"Los Angeles, CA","Memphis, TN",1619,1572,226.378517811705,33.942501,-118.407997,35.04240036,-89.97669983
"Los Angeles, CA","Miami, FL",2343,14156,234.445541819723,33.942501,-118.407997,25.79319954,-80.29060364
"Los Angeles, CA","Milwaukee, WI",1756,1263,224.693032462391,33.942501,-118.407997,42.94720078,-87.89659882
"Los Angeles, CA","Minneapolis/St. Paul, MN",1535,6252,184.793325335892,33.942501,-118.407997,44.93450165,-93.05999756
"Los Angeles, CA","Nashville, TN",1797,6430,203.205936236392,33.942501,-118.407997,36.12450027,-86.67819977
"Los Angeles, CA","New Orleans, LA",1670,3781,211.62123247818,33.942501,-118.407997,29.99340057,-90.25800323
"Los Angeles, CA","New York City, NY",2510,33868,332.254056041101,33.942501,-118.407997,40.639801,-73.7789
"Los Angeles, CA","Norfolk, VA",2371,961,318.448990634755,33.942501,-118.407997,36.8946,-76.201202
"Los Angeles, CA","Oklahoma City, OK",1187,1337,237.755041136874,33.942501,-118.407997,35.393101,-97.6007
"Los Angeles, CA","Orlando, FL",2218,9624,187.154913757273,33.942501,-118.407997,28.42939949,-81.30899811
"Los Angeles, CA","Philadelphia, PA",2402,6323,263.918614581686,33.942501,-118.407997,39.87189865,-75.2410965
"Los Angeles, CA","Phoenix, AZ",370,13636,118.427745673218,33.942501,-118.407997,33.435302,-112.005905
"Los Angeles, CA","Pittsburgh, PA",2136,1746,276.08881443299,33.942501,-118.407997,40.49150085,-80.23290253
"Los Angeles, CA","Portland, OR",859,10890,176.316567493113,33.942501,-118.407997,45.58869934,-122.5979996
"Los Angeles, CA","Raleigh/Durham, NC",2239,3355,233.269564828614,33.942501,-118.407997,35.87760162,-78.78749847
"Los Angeles, CA","Richmond, VA",2305,1112,243.381456834532,33.942501,-118.407997,37.50519943,-77.31970215
"Los Angeles, CA","Sacramento, CA",404,12519,130.306276060388,33.942501,-118.407997,38.69540024,-121.5910034
"Los Angeles, CA","Salt Lake City, UT",590,11183,150.079301618528,33.942501,-118.407997,40.785749,-111.979746
"Los Angeles, CA","San Antonio, TX",1211,3250,187.323470769231,33.942501,-118.407997,29.533701,-98.469803
"Los Angeles, CA","San Francisco, CA",372,35228,132.722653287158,33.942501,-118.407997,37.61899948,-122.375
"Los Angeles, CA","Santa Rosa, CA",433,1113,152.802012578616,33.942501,-118.407997,38.50899887,-122.8130035
"Los Angeles, CA","Seattle, WA",978,21677,149.602459288647,33.942501,-118.407997,47.449001,-122.308998
"Los Angeles, CA","Spokane, WA",962,2522,170.625122918319,33.942501,-118.407997,47.6199,-117.533997
"Los Angeles, CA","St. Louis, MO",1592,3241,205.988056155508,33.942501,-118.407997,38.748697,-90.370003
"Los Angeles, CA","Tampa, FL",2158,3001,269.034108630457,33.942501,-118.407997,27.97550011,-82.53320313
"Los Angeles, CA","Tucson, AZ",453,1369,152.333856829803,33.942501,-118.407997,32.115004,-110.938053
"Los Angeles, CA","Tulsa, OK",1283,1159,211.077549611734,33.942501,-118.407997,36.03960037,-95.98459625
"Los Angeles, CA","Washington, DC",2329,13750,255.597139636364,33.942501,-118.407997,38.8521,-77.037697
"Louisville, KY","Miami, FL",910,922,163.09114967462,38.22800064,-85.66369629,25.79319954,-80.29060364
"Louisville, KY","New York City, NY",699,859,196.424866123399,38.22800064,-85.66369629,40.639801,-73.7789
"Louisville, KY","Orlando, FL",719,1126,153.635559502664,38.22800064,-85.66369629,28.42939949,-81.30899811
"Louisville, KY","Tampa, FL",729,1067,133.111808809747,38.22800064,-85.66369629,27.97550011,-82.53320313
"Louisville, KY","Washington, DC",495,1300,158.343153846154,38.22800064,-85.66369629,38.8521,-77.037697
"Madison, WI","New York City, NY",850,337,266.49,43.1399,-89.337502,40.639801,-73.7789
"Martha's Vineyard, MA","New York City, NY",192,337,166.95,41.39310074,-70.61430359,40.639801,-73.7789
"Memphis, TN","Miami, FL",859,1469,178.16322668482,35.04240036,-89.97669983,25.79319954,-80.29060364
"Memphis, TN","New York City, NY",1002,1134,240.962477954145,35.04240036,-89.97669983,40.639801,-73.7789
"Memphis, TN","Orlando, FL",684,1657,158.886095353048,35.04240036,-89.97669983,28.42939949,-81.30899811
"Memphis, TN","Washington, DC",787,1097,205.513345487694,35.04240036,-89.97669983,38.8521,-77.037697
"Miami, FL","Milwaukee, WI",1258,931,172.09395273899,25.79319954,-80.29060364,42.94720078,-87.89659882
"Miami, FL","Minneapolis/St. Paul, MN",1501,4118,155.221420592521,25.79319954,-80.29060364,44.93450165,-93.05999756
"Miami, FL","Nashville, TN",806,4524,133.064036251105,25.79319954,-80.29060364,36.12450027,-86.67819977
"Miami, FL","New Orleans, LA",675,3457,135.297058142898,25.79319954,-80.29060364,29.99340057,-90.25800323
"Miami, FL","New York City, NY",1139,54581,156.216631245305,25.79319954,-80.29060364,40.639801,-73.7789
"Miami, FL","Norfolk, VA",812,954,192.19748427673,25.79319954,-80.29060364,36.8946,-76.201202
"Miami, FL","Orlando, FL",192,1516,120.681556728232,25.79319954,-80.29060364,28.42939949,-81.30899811
"Miami, FL","Philadelphia, PA",1013,8720,148.97607912844,25.79319954,-80.29060364,39.87189865,-75.2410965
"Miami, FL","Phoenix, AZ",1972,3722,221.266305749597,25.79319954,-80.29060364,33.435302,-112.005905
"Miami, FL","Pittsburgh, PA",1013,2578,148.215283165244,25.79319954,-80.29060364,40.49150085,-80.23290253
"Miami, FL","Portland, OR",2700,958,243.652651356994,25.79319954,-80.29060364,45.58869934,-122.5979996
"Miami, FL","Raleigh/Durham, NC",700,3995,132.270663329161,25.79319954,-80.29060364,35.87760162,-78.78749847
"Miami, FL","Richmond, VA",825,1757,144.728099032442,25.79319954,-80.29060364,37.50519943,-77.31970215
"Miami, FL","Salt Lake City, UT",2088,2484,228.756457326892,25.79319954,-80.29060364,40.785749,-111.979746
"Miami, FL","San Antonio, TX",1145,1344,190.709650297619,25.79319954,-80.29060364,29.533701,-98.469803
"Miami, FL","San Diego, CA",2269,2090,240.920511961722,25.79319954,-80.29060364,32.73360062,-117.1900024
"Miami, FL","San Francisco, CA",2585,5546,288.105479624955,25.79319954,-80.29060364,37.61899948,-122.375
"Miami, FL","Seattle, WA",2724,2836,230.255116361072,25.79319954,-80.29060364,47.449001,-122.308998
"Miami, FL","St. Louis, MO",1068,2607,171.454883007288,25.79319954,-80.29060364,38.748697,-90.370003
"Miami, FL","Tallahassee, FL",402,293,202.63,25.79319954,-80.29060364,30.3965,-84.350304
"Miami, FL","Tampa, FL",204,2202,122.686285195277,25.79319954,-80.29060364,27.97550011,-82.53320313
"Miami, FL","Washington, DC",946,15765,162.091007928957,25.79319954,-80.29060364,38.8521,-77.037697
"Milwaukee, WI","Nashville, TN",475,286,158.64,42.94720078,-87.89659882,36.12450027,-86.67819977
"Milwaukee, WI","New York City, NY",777,1053,233.554434947768,42.94720078,-87.89659882,40.639801,-73.7789
"Milwaukee, WI","Orlando, FL",1066,2752,160.808895348837,42.94720078,-87.89659882,28.42939949,-81.30899811
"Milwaukee, WI","Phoenix, AZ",1460,2485,213.584249496982,42.94720078,-87.89659882,33.435302,-112.005905
"Milwaukee, WI","San Francisco, CA",1845,252,284.94,42.94720078,-87.89659882,37.61899948,-122.375
"Milwaukee, WI","Seattle, WA",1694,308,243.76,42.94720078,-87.89659882,47.449001,-122.308998
"Milwaukee, WI","Tampa, FL",1075,1519,166.036227781435,42.94720078,-87.89659882,27.97550011,-82.53320313
"Milwaukee, WI","Washington, DC",641,1411,170.429142452162,42.94720078,-87.89659882,38.8521,-77.037697
"Minneapolis/St. Paul, MN","Nashville, TN",695,2013,167.073805265772,44.93450165,-93.05999756,36.12450027,-86.67819977
"Minneapolis/St. Paul, MN","New Orleans, LA",1039,255,217.47,44.93450165,-93.05999756,29.99340057,-90.25800323
"Minneapolis/St. Paul, MN","New York City, NY",1057,5064,223.253360979463,44.93450165,-93.05999756,40.639801,-73.7789
"Minneapolis/St. Paul, MN","Orlando, FL",1310,6076,143.165036208032,44.93450165,-93.05999756,28.42939949,-81.30899811
"Minneapolis/St. Paul, MN","Palm Springs, CA",1454,268,215.17,44.93450165,-93.05999756,33.8297,-116.507004
"Minneapolis/St. Paul, MN","Philadelphia, PA",980,1607,212.429713752334,44.93450165,-93.05999756,39.87189865,-75.2410965
"Minneapolis/St. Paul, MN","Phoenix, AZ",1276,8455,148.685376700177,44.93450165,-93.05999756,33.435302,-112.005905
"Minneapolis/St. Paul, MN","Portland, OR",1426,2044,193.274026418787,44.93450165,-93.05999756,45.58869934,-122.5979996
"Minneapolis/St. Paul, MN","Raleigh/Durham, NC",980,1160,187.087982758621,44.93450165,-93.05999756,35.87760162,-78.78749847
"Minneapolis/St. Paul, MN","Sacramento, CA",1517,846,263.492659574468,44.93450165,-93.05999756,38.69540024,-121.5910034
"Minneapolis/St. Paul, MN","Salt Lake City, UT",991,1167,262.168371893745,44.93450165,-93.05999756,40.785749,-111.979746
"Minneapolis/St. Paul, MN","San Antonio, TX",1097,613,183.760375203915,44.93450165,-93.05999756,29.533701,-98.469803
"Minneapolis/St. Paul, MN","San Diego, CA",1532,2715,190.375068139963,44.93450165,-93.05999756,32.73360062,-117.1900024
"Minneapolis/St. Paul, MN","San Francisco, CA",1589,3577,228.42357562203,44.93450165,-93.05999756,37.61899948,-122.375
"Minneapolis/St. Paul, MN","Sarasota/Bradenton, FL",1342,268,163.08,44.93450165,-93.05999756,27.395399,-82.554398
"Minneapolis/St. Paul, MN","Seattle, WA",1399,3622,181.529099944782,44.93450165,-93.05999756,47.449001,-122.308998
"Minneapolis/St. Paul, MN","St. Louis, MO",448,1135,181.271127753304,44.93450165,-93.05999756,38.748697,-90.370003
"Minneapolis/St. Paul, MN","Tampa, FL",1306.25,3840,149.839432291667,44.93450165,-93.05999756,27.97550011,-82.53320313
"Minneapolis/St. Paul, MN","Washington, DC",936,4650,166.423105376344,44.93450165,-93.05999756,38.8521,-77.037697
"Myrtle Beach, SC","New York City, NY",601,2203,117.175760326827,33.81169891,-78.72389984,40.639801,-73.7789
"Myrtle Beach, SC","Philadelphia, PA",473,254,128.79,33.81169891,-78.72389984,39.87189865,-75.2410965
"Myrtle Beach, SC","Pittsburgh, PA",475,289,115.54,33.81169891,-78.72389984,40.49150085,-80.23290253
"Myrtle Beach, SC","Washington, DC",399,955,124.263926701571,33.81169891,-78.72389984,38.8521,-77.037697
"Nantucket, MA","New York City, NY",218,598,163.52,41.25310135,-70.06020355,40.639801,-73.7789
"Nashville, TN","New Orleans, LA",471,633,163.82112164297,36.12450027,-86.67819977,29.99340057,-90.25800323
"Nashville, TN","New York City, NY",803,6645,166.236413844996,36.12450027,-86.67819977,40.639801,-73.7789
"Nashville, TN","Orlando, FL",616,3730,150.164308310992,36.12450027,-86.67819977,28.42939949,-81.30899811
"Nashville, TN","Panama City, FL",401,590,155.421016949153,36.12450027,-86.67819977,30.357106,-85.795414
"Nashville, TN","Philadelphia, PA",675,2215,178.831151241535,36.12450027,-86.67819977,39.87189865,-75.2410965
"Nashville, TN","Phoenix, AZ",1449,2549,223.506002353864,36.12450027,-86.67819977,33.435302,-112.005905
"Nashville, TN","Pittsburgh, PA",462,892,158.04701793722,36.12450027,-86.67819977,40.49150085,-80.23290253
"Nashville, TN","Raleigh/Durham, NC",442,1259,162.853963463066,36.12450027,-86.67819977,35.87760162,-78.78749847
"Nashville, TN","Sacramento, CA",1917,825,268.529684848485,36.12450027,-86.67819977,38.69540024,-121.5910034
"Nashville, TN","Salt Lake City, UT",1404,956,231.364937238494,36.12450027,-86.67819977,40.785749,-111.979746
"Nashville, TN","San Antonio, TX",822,793,207.181147540984,36.12450027,-86.67819977,29.533701,-98.469803
"Nashville, TN","San Diego, CA",1751,1215,258.751637860082,36.12450027,-86.67819977,32.73360062,-117.1900024
"Nashville, TN","San Francisco, CA",1969,1943,264.414909933093,36.12450027,-86.67819977,37.61899948,-122.375
"Nashville, TN","Seattle, WA",1978,1731,222.054442518775,36.12450027,-86.67819977,47.449001,-122.308998
"Nashville, TN","Tampa, FL",612,2394,159.68626566416,36.12450027,-86.67819977,27.97550011,-82.53320313
"Nashville, TN","Washington, DC",587,4309,171.671004873521,36.12450027,-86.67819977,38.8521,-77.037697
"New Orleans, LA","New York City, NY",1218,4316,207.172861445783,29.99340057,-90.25800323,40.639801,-73.7789
"New Orleans, LA","Orlando, FL",551,2532,140.801248025276,29.99340057,-90.25800323,28.42939949,-81.30899811
"New Orleans, LA","Philadelphia, PA",1089,1188,196.269183501684,29.99340057,-90.25800323,39.87189865,-75.2410965
"New Orleans, LA","Phoenix, AZ",1300,657,224.111369863014,29.99340057,-90.25800323,33.435302,-112.005905
"New Orleans, LA","San Francisco, CA",1911,1213,276.146298433636,29.99340057,-90.25800323,37.61899948,-122.375
"New Orleans, LA","Seattle, WA",2086,1021,206.502517140059,29.99340057,-90.25800323,47.449001,-122.308998
"New Orleans, LA","Tampa, FL",488,1063,136.705239887112,29.99340057,-90.25800323,27.97550011,-82.53320313
"New Orleans, LA","Washington, DC",998,3248,191.747586206897,29.99340057,-90.25800323,38.8521,-77.037697
"New York City, NY","Norfolk, VA",330.666666666667,1394,168.910839311334,40.639801,-73.7789,36.8946,-76.201202
"New York City, NY","Oklahoma City, OK",1381,278,288.55,40.639801,-73.7789,35.393101,-97.6007
"New York City, NY","Orlando, FL",984.75,33628,146.265585821339,40.639801,-73.7789,28.42939949,-81.30899811
"New York City, NY","Palm Springs, CA",2381,295,331.11,40.639801,-73.7789,33.8297,-116.507004
"New York City, NY","Phoenix, AZ",2189,9228,243.431818378847,40.639801,-73.7789,33.435302,-112.005905
"New York City, NY","Pittsburgh, PA",375,2433,171.857727085902,40.639801,-73.7789,40.49150085,-80.23290253
"New York City, NY","Portland, ME",284,928,165.505129310345,40.639801,-73.7789,43.646198,-70.309303
"New York City, NY","Portland, OR",2482,3006,260.840768463074,40.639801,-73.7789,45.58869934,-122.5979996
"New York City, NY","Raleigh/Durham, NC",462,7603,150.765190056557,40.639801,-73.7789,35.87760162,-78.78749847
"New York City, NY","Richmond, VA",323.666666666667,1416,176.732966101695,40.639801,-73.7789,37.50519943,-77.31970215
"New York City, NY","Rochester, NY",285,890,154.753370786517,40.639801,-73.7789,43.1189,-77.672401
"New York City, NY","Sacramento, CA",2553,1619,282.174206300185,40.639801,-73.7789,38.69540024,-121.5910034
"New York City, NY","Salt Lake City, UT",2022,4506,254.328579671549,40.639801,-73.7789,40.785749,-111.979746
"New York City, NY","San Antonio, TX",1624,1801,266.40065519156,40.639801,-73.7789,29.533701,-98.469803
"New York City, NY","San Diego, CA",2481,6994,279.355667715184,40.639801,-73.7789,32.73360062,-117.1900024
"New York City, NY","San Francisco, CA",2619,19404,322.932639146568,40.639801,-73.7789,37.61899948,-122.375
"New York City, NY","Sarasota/Bradenton, FL",1076.5,2826,179.849667374381,40.639801,-73.7789,27.395399,-82.554398
"New York City, NY","Savannah, GA",754,3363,158.004962830806,40.639801,-73.7789,32.12760162,-81.20210266
"New York City, NY","Seattle, WA",2441.5,7118,259.225369485811,40.639801,-73.7789,47.449001,-122.308998
"New York City, NY","St. Louis, MO",929,2864,210.038715083799,40.639801,-73.7789,38.748697,-90.370003
"New York City, NY","Syracuse, NY",222,269,149.52,40.639801,-73.7789,43.11119843,-76.10630035
"New York City, NY","Tampa, FL",1055,15515,147.064828875282,40.639801,-73.7789,27.97550011,-82.53320313
"New York City, NY","Washington, DC",249,3727,176.496890260263,40.639801,-73.7789,38.8521,-77.037697
"New York City, NY","West Palm Beach/Palm Beach, FL",1066.5,15700,185.631089171975,40.639801,-73.7789,26.68320084,-80.09559631
"New York City, NY","Wilmington, NC",531,532,196.847330827068,40.639801,-73.7789,34.27059937,-77.90260315
"Norfolk, VA","Orlando, FL",662,1103,158.027896645512,36.8946,-76.201202,28.42939949,-81.30899811
"Norfolk, VA","San Diego, CA",2330,1004,298.85969123506,36.8946,-76.201202,32.73360062,-117.1900024
"Norfolk, VA","Tampa, FL",726,269,139.42,36.8946,-76.201202,27.97550011,-82.53320313
"Oklahoma City, OK","Orlando, FL",1069,817,202.233378212974,35.393101,-97.6007,28.42939949,-81.30899811
"Oklahoma City, OK","Phoenix, AZ",833,895,201.322592178771,35.393101,-97.6007,33.435302,-112.005905
"Oklahoma City, OK","Seattle, WA",1519,277,200.39,35.393101,-97.6007,47.449001,-122.308998
"Oklahoma City, OK","Washington, DC",1180,627,227.534577352472,35.393101,-97.6007,38.8521,-77.037697
"Orlando, FL","Philadelphia, PA",861,9206,140.650488811645,28.42939949,-81.30899811,39.87189865,-75.2410965
"Orlando, FL","Phoenix, AZ",1849,3740,217.172548128342,28.42939949,-81.30899811,33.435302,-112.005905
"Orlando, FL","Pittsburgh, PA",834,3332,148.305477190876,28.42939949,-81.30899811,40.49150085,-80.23290253
"Orlando, FL","Portland, OR",2534,1857,232.73493268713,28.42939949,-81.30899811,45.58869934,-122.5979996
"Orlando, FL","Raleigh/Durham, NC",534,3103,126.146819207219,28.42939949,-81.30899811,35.87760162,-78.78749847
"Orlando, FL","Richmond, VA",667,1278,139.771948356808,28.42939949,-81.30899811,37.50519943,-77.31970215
"Orlando, FL","Rochester, NY",1033,542,171.626162361624,28.42939949,-81.30899811,43.1189,-77.672401
"Orlando, FL","Sacramento, CA",2408,929,272.655941872982,28.42939949,-81.30899811,38.69540024,-121.5910034
"Orlando, FL","Salt Lake City, UT",1931,4554,205.945768555116,28.42939949,-81.30899811,40.785749,-111.979746
"Orlando, FL","San Antonio, TX",1041,1423,202.376170063247,28.42939949,-81.30899811,29.533701,-98.469803
"Orlando, FL","San Diego, CA",2149,1749,242.431023441967,28.42939949,-81.30899811,32.73360062,-117.1900024
"Orlando, FL","San Francisco, CA",2446,3691,246.524689785966,28.42939949,-81.30899811,37.61899948,-122.375
"Orlando, FL","Seattle, WA",2554,3370,239.73834421365,28.42939949,-81.30899811,47.449001,-122.308998
"Orlando, FL","St. Louis, MO",882,3282,155.414978671542,28.42939949,-81.30899811,38.748697,-90.370003
"Orlando, FL","Syracuse, NY",1053,1057,172.894597918638,28.42939949,-81.30899811,43.11119843,-76.10630035
"Orlando, FL","Washington, DC",787,13129,144.339815675223,28.42939949,-81.30899811,38.8521,-77.037697
"Palm Springs, CA","Portland, OR",873,1079,186.097590361446,33.8297,-116.507004,45.58869934,-122.5979996
"Palm Springs, CA","San Francisco, CA",421,2138,168.606033676333,33.8297,-116.507004,37.61899948,-122.375
"Palm Springs, CA","Seattle, WA",987,2733,161.953227222832,33.8297,-116.507004,47.449001,-122.308998
"Pensacola, FL","Washington, DC",846,942,185.971740976645,30.4734,-87.1866,38.8521,-77.037697
"Philadelphia, PA","Phoenix, AZ",2075,2806,278.856111903065,39.87189865,-75.2410965,33.435302,-112.005905
"Philadelphia, PA","Portland, OR",2406,264,291.79,39.87189865,-75.2410965,45.58869934,-122.5979996
"Philadelphia, PA","Raleigh/Durham, NC",337,1246,160.047873194221,39.87189865,-75.2410965,35.87760162,-78.78749847
"Philadelphia, PA","Salt Lake City, UT",1927,978,276.270327198364,39.87189865,-75.2410965,40.785749,-111.979746
"Philadelphia, PA","San Diego, CA",2370,1639,306.92971323978,39.87189865,-75.2410965,32.73360062,-117.1900024
"Philadelphia, PA","San Francisco, CA",2521,2628,328.95453196347,39.87189865,-75.2410965,37.61899948,-122.375
"Philadelphia, PA","Savannah, GA",629,270,169.56,39.87189865,-75.2410965,32.12760162,-81.20210266
"Philadelphia, PA","Seattle, WA",2378,1676,277.337989260143,39.87189865,-75.2410965,47.449001,-122.308998
"Philadelphia, PA","St. Louis, MO",814,997,212.527562688064,39.87189865,-75.2410965,38.748697,-90.370003
"Philadelphia, PA","Tampa, FL",920,4251,151.370997412374,39.87189865,-75.2410965,27.97550011,-82.53320313
"Philadelphia, PA","West Palm Beach/Palm Beach, FL",951,2077,191.088931150698,39.87189865,-75.2410965,26.68320084,-80.09559631
"Phoenix, AZ","Pittsburgh, PA",1814,1176,249.082636054422,33.435302,-112.005905,40.49150085,-80.23290253
"Phoenix, AZ","Portland, OR",1009,5499,187.598543371522,33.435302,-112.005905,45.58869934,-122.5979996
"Phoenix, AZ","Raleigh/Durham, NC",1891,1105,260.280950226244,33.435302,-112.005905,35.87760162,-78.78749847
"Phoenix, AZ","Sacramento, CA",647,3822,145.667229199372,33.435302,-112.005905,38.69540024,-121.5910034
"Phoenix, AZ","Salt Lake City, UT",507,5046,134.374661117717,33.435302,-112.005905,40.785749,-111.979746
"Phoenix, AZ","San Antonio, TX",843,1784,188.897701793722,33.435302,-112.005905,29.533701,-98.469803
"Phoenix, AZ","San Diego, CA",314,3834,148.129207094418,33.435302,-112.005905,32.73360062,-117.1900024
"Phoenix, AZ","San Francisco, CA",668,9300,141.189107526882,33.435302,-112.005905,37.61899948,-122.375
"Phoenix, AZ","Seattle, WA",1107,11004,141.906615776081,33.435302,-112.005905,47.449001,-122.308998
"Phoenix, AZ","Sioux Falls, SD",1081,1048,136.025133587786,33.435302,-112.005905,43.585463,-96.741152
"Phoenix, AZ","Spokane, WA",1023.5,1733,193.445741488748,33.435302,-112.005905,47.6199,-117.533997
"Phoenix, AZ","St. Louis, MO",1262,2555,209.035107632094,33.435302,-112.005905,38.748697,-90.370003
"Phoenix, AZ","Tampa, FL",1788,1962,245.412660550459,33.435302,-112.005905,27.97550011,-82.53320313
"Phoenix, AZ","Washington, DC",1999,4887,261.1759156947,33.435302,-112.005905,38.8521,-77.037697
"Pittsburgh, PA","San Francisco, CA",2254,665,336.50577443609,40.49150085,-80.23290253,37.61899948,-122.375
"Pittsburgh, PA","Sarasota/Bradenton, FL",912,811,139.48859432799,40.49150085,-80.23290253,27.395399,-82.554398
"Pittsburgh, PA","Seattle, WA",2125,589,269.624210526316,40.49150085,-80.23290253,47.449001,-122.308998
"Pittsburgh, PA","Tampa, FL",878,2296,151.569481707317,40.49150085,-80.23290253,27.97550011,-82.53320313
"Pittsburgh, PA","Washington, DC",210,252,140.58,40.49150085,-80.23290253,38.8521,-77.037697
"Portland, ME","Washington, DC",493,1343,181.940312732688,43.646198,-70.309303,38.8521,-77.037697
"Portland, OR","Sacramento, CA",479,2340,151.550055555556,45.58869934,-122.5979996,38.69540024,-121.5910034
"Portland, OR","Salt Lake City, UT",630,2322,182.478225667528,45.58869934,-122.5979996,40.785749,-111.979746
"Portland, OR","San Diego, CA",933,3545,180.971771509168,45.58869934,-122.5979996,32.73360062,-117.1900024
"Portland, OR","San Francisco, CA",569,6920,155.657001445087,45.58869934,-122.5979996,37.61899948,-122.375
"Portland, OR","Seattle, WA",129,603,146.023880597015,45.58869934,-122.5979996,47.449001,-122.308998
"Portland, OR","Spokane, WA",279,524,176.491603053435,45.58869934,-122.5979996,47.6199,-117.533997
"Portland, OR","Washington, DC",2358,1857,275.165169628433,45.58869934,-122.5979996,38.8521,-77.037697
"Raleigh/Durham, NC","Salt Lake City, UT",1823,260,262.74,35.87760162,-78.78749847,40.785749,-111.979746
"Raleigh/Durham, NC","San Francisco, CA",2400,1586,288.361027742749,35.87760162,-78.78749847,37.61899948,-122.375
"Raleigh/Durham, NC","Seattle, WA",2354,1404,241.83462962963,35.87760162,-78.78749847,47.449001,-122.308998
"Raleigh/Durham, NC","Tampa, FL",591,1894,138.823025343189,35.87760162,-78.78749847,27.97550011,-82.53320313
"Raleigh/Durham, NC","Washington, DC",255,1549,160.247656552615,35.87760162,-78.78749847,38.8521,-77.037697
"Richmond, VA","Tampa, FL",731,298,133.06,37.50519943,-77.31970215,27.97550011,-82.53320313
"Sacramento, CA","Salt Lake City, UT",532,1600,166.163325,38.69540024,-121.5910034,40.785749,-111.979746
"Sacramento, CA","San Diego, CA",480,5720,134.556606643357,38.69540024,-121.5910034,32.73360062,-117.1900024
"Sacramento, CA","Seattle, WA",605,4380,130.183940639269,38.69540024,-121.5910034,47.449001,-122.308998
"Sacramento, CA","Washington, DC",2395,1431,306.045981830888,38.69540024,-121.5910034,38.8521,-77.037697
"Salt Lake City, UT","San Antonio, TX",1087,815,231.176220858896,40.785749,-111.979746,29.533701,-98.469803
"Salt Lake City, UT","San Diego, CA",626,3390,165.580271386431,40.785749,-111.979746,32.73360062,-117.1900024
"Salt Lake City, UT","San Francisco, CA",599,4996,156.261857485989,40.785749,-111.979746,37.61899948,-122.375
"Salt Lake City, UT","Seattle, WA",689,3951,150.785198683877,40.785749,-111.979746,47.449001,-122.308998
"Salt Lake City, UT","St. Louis, MO",1156,843,205.358481613286,40.785749,-111.979746,38.748697,-90.370003
"Salt Lake City, UT","Tampa, FL",1888,1211,252.893658133774,40.785749,-111.979746,27.97550011,-82.53320313
"Salt Lake City, UT","Washington, DC",1865,2852,278.503148667602,40.785749,-111.979746,38.8521,-77.037697
"San Antonio, TX","San Diego, CA",1129,545,249.987449541284,29.533701,-98.469803,32.73360062,-117.1900024
"San Antonio, TX","San Francisco, CA",1482,935,236.533540106952,29.533701,-98.469803,37.61899948,-122.375
"San Antonio, TX","Seattle, WA",1774,1306,200.794180704441,29.533701,-98.469803,47.449001,-122.308998
"San Antonio, TX","Tampa, FL",972,534,190.840711610487,29.533701,-98.469803,27.97550011,-82.53320313
"San Antonio, TX","Washington, DC",1407,2498,245.445976781425,29.533701,-98.469803,38.8521,-77.037697
"San Diego, CA","San Francisco, CA",447,14074,141.994944578656,32.73360062,-117.1900024,37.61899948,-122.375
"San Diego, CA","Seattle, WA",1050,7730,150.159025873221,32.73360062,-117.1900024,47.449001,-122.308998
"San Diego, CA","Spokane, WA",1027,917,172.949760087241,32.73360062,-117.1900024,47.6199,-117.533997
"San Diego, CA","St. Louis, MO",1557,920,250.138630434783,32.73360062,-117.1900024,38.748697,-90.370003
"San Diego, CA","Tampa, FL",2087,818,272.269792176039,32.73360062,-117.1900024,27.97550011,-82.53320313
"San Diego, CA","Washington, DC",2295,4255,295.269889541716,32.73360062,-117.1900024,38.8521,-77.037697
"San Francisco, CA","Santa Barbara, CA",263,285,156.4,37.61899948,-122.375,34.42620087,-119.8399963
"San Francisco, CA","Seattle, WA",696,13356,138.008643306379,37.61899948,-122.375,47.449001,-122.308998
"San Francisco, CA","Spokane, WA",742,1381,142.193280231716,37.61899948,-122.375,47.6199,-117.533997
"San Francisco, CA","St. Louis, MO",1735,1291,256.630100697134,37.61899948,-122.375,38.748697,-90.370003
"San Francisco, CA","Tampa, FL",2393,1421,299.58278676988,37.61899948,-122.375,27.97550011,-82.53320313
"San Francisco, CA","Tucson, AZ",751,329,218.9,37.61899948,-122.375,32.115004,-110.938053
"San Francisco, CA","Washington, DC",2457,7021,342.554208802165,37.61899948,-122.375,38.8521,-77.037697
"Sarasota/Bradenton, FL","Washington, DC",880,2017,166.914273673773,27.395399,-82.554398,38.8521,-77.037697
"Savannah, GA","Washington, DC",549,1314,160.8150152207,32.12760162,-81.20210266,38.8521,-77.037697
"Seattle, WA","Spokane, WA",224,2240,133.55078125,47.449001,-122.308998,47.6199,-117.533997
"Seattle, WA","St. Louis, MO",1709,1294,224.638052550232,47.449001,-122.308998,38.748697,-90.370003
"Seattle, WA","Tampa, FL",2520,2132,224.482237335835,47.449001,-122.308998,27.97550011,-82.53320313
"Seattle, WA","Tucson, AZ",1216,1490,163.983711409396,47.449001,-122.308998,32.115004,-110.938053
"Seattle, WA","Washington, DC",2335,4993,250.622159022632,47.449001,-122.308998,38.8521,-77.037697
"St. Louis, MO","Tampa, FL",869,1775,172.936281690141,38.748697,-90.370003,27.97550011,-82.53320313
"St. Louis, MO","Washington, DC",738,2988,177.834979919679,38.748697,-90.370003,38.8521,-77.037697
"Syracuse, NY","Tampa, FL",1111,256,143.06,43.11119843,-76.10630035,27.97550011,-82.53320313
"Tampa, FL","Washington, DC",844,7281,162.457818980909,27.97550011,-82.53320313,38.8521,-77.037697
"Tucson, AZ","Washington, DC",1976,259,310.3,32.115004,-110.938053,38.8521,-77.037697
"Valparaiso, FL","Washington, DC",819,281,177.35,30.4832,-86.525398,38.8521,-77.037697
"Washington, DC","West Palm Beach/Palm Beach, FL",883,3124,188.249638284251,38.8521,-77.037697,26.68320084,-80.09559631
